Season,Team,W,L,WinPct,MOV,SRS,ORtg,DRtg,NRtg,Pace
1980,Boston Celtics,61.0,21.0,0.7439024390243902,7.79,7.37,109.4,101.9,7.5,102.6
1980,Los Angeles Lakers,60.0,22.0,0.7317073170731707,5.9,5.4,109.5,103.9,5.6,104.1
1980,Seattle SuperSonics,56.0,26.0,0.6829268292682927,4.66,4.24,105.8,101.2,4.6,101.8
1980,Philadelphia 76ers,59.0,23.0,0.7195121951219512,4.22,4.04,105.0,101.0,4.0,103.0
1980,Milwaukee Bucks,49.0,33.0,0.5975609756097561,3.94,3.57,106.8,102.9,3.9,102.4
1980,Phoenix Suns,55.0,27.0,0.6707317073170732,3.6,3.25,105.6,102.2,3.4,104.8
1980,Kansas City Kings,47.0,35.0,0.573170731707317,3.13,2.82,104.0,101.0,3.0,103.2
1980,Atlanta Hawks,50.0,32.0,0.6097560975609756,2.91,2.83,105.2,102.3,2.9,98.9
1980,Cleveland Cavaliers,37.0,45.0,0.45121951219512196,0.34,0.43,106.7,106.4,0.3,105.6
1980,Houston Rockets,41.0,41.0,0.5,0.17,0.27,108.1,108.0,0.1,101.2
1980,San Antonio Spurs,41.0,41.0,0.5,-0.38,-0.24,108.6,109.0,-0.4,109.5
1980,Indiana Pacers,37.0,45.0,0.45121951219512196,-0.7,-0.54,105.5,106.2,-0.7,104.4
1980,Portland Trail Blazers,38.0,44.0,0.4634146341463415,-0.82,-0.87,103.4,104.3,-0.9,98.6
1980,New Jersey Nets,34.0,48.0,0.4146341463414634,-1.17,-0.98,101.5,102.5,-1.0,106.1
1980,New York Knicks,39.0,43.0,0.47560975609756095,-1.15,-0.96,106.5,107.5,-1.0,106.5
1980,Washington Bullets,39.0,43.0,0.47560975609756095,-2.55,-2.27,103.2,105.7,-2.5,102.6
1980,Chicago Bulls,30.0,52.0,0.36585365853658536,-2.71,-2.63,104.3,107.0,-2.7,101.8
1980,San Diego Clippers,35.0,47.0,0.4268292682926829,-4.15,-3.97,105.7,109.8,-4.1,101.4
1980,Denver Nuggets,30.0,52.0,0.36585365853658536,-4.41,-4.22,103.4,107.6,-4.2,103.9
1980,Golden State Warriors,24.0,58.0,0.2926829268292683,-4.39,-4.2,102.0,106.3,-4.3,100.5
1980,Utah Jazz,24.0,58.0,0.2926829268292683,-6.01,-5.71,104.2,110.4,-6.2,97.6
1980,Detroit Pistons,16.0,66.0,0.1951219512195122,-8.24,-7.57,101.2,108.8,-7.6,107.1
1980,League Average,,,,0.0,0.0,105.3,105.3,,103.1
1981,Philadelphia 76ers,62.0,20.0,0.7560975609756098,7.85,7.76,107.0,99.5,7.5,103.4
1981,Milwaukee Bucks,60.0,22.0,0.7317073170731707,7.27,7.14,108.7,101.8,6.9,103.6
1981,Boston Celtics,62.0,20.0,0.7560975609756098,5.88,6.05,108.4,102.6,5.8,100.8
1981,Phoenix Suns,57.0,25.0,0.6951219512195121,5.51,4.83,104.6,99.4,5.2,104.7
1981,Los Angeles Lakers,54.0,28.0,0.6585365853658537,3.84,3.27,107.6,103.9,3.7,102.7
1981,San Antonio Spurs,52.0,30.0,0.6341463414634146,2.88,2.18,108.5,105.7,2.8,102.9
1981,Chicago Bulls,45.0,37.0,0.5487804878048781,1.98,2.34,107.8,105.8,2.0,100.6
1981,New York Knicks,50.0,32.0,0.6097560975609756,1.62,2.0,106.0,104.4,1.6,101.0
1981,Indiana Pacers,44.0,38.0,0.5365853658536586,1.4,1.72,106.4,105.0,1.4,100.9
1981,Portland Trail Blazers,45.0,37.0,0.5487804878048781,0.89,0.52,106.5,105.7,0.8,103.0
1981,Houston Rockets,40.0,42.0,0.4878048780487805,0.33,-0.2,107.0,106.7,0.3,100.5
1981,Washington Bullets,39.0,43.0,0.47560975609756095,0.01,0.42,102.7,102.7,0.0,102.4
1981,Kansas City Kings,40.0,42.0,0.4878048780487805,0.01,-0.49,104.7,104.7,0.0,101.3
1981,Denver Nuggets,37.0,45.0,0.45121951219512196,-0.48,-0.95,109.4,109.8,-0.4,109.8
1981,Golden State Warriors,39.0,43.0,0.47560975609756095,-1.18,-1.41,108.5,109.7,-1.2,101.0
1981,San Diego Clippers,36.0,46.0,0.43902439024390244,-1.59,-1.78,106.0,107.6,-1.6,100.2
1981,Seattle SuperSonics,34.0,48.0,0.4146341463414634,-1.65,-1.84,103.2,104.8,-1.6,100.3
1981,Atlanta Hawks,31.0,51.0,0.3780487804878049,-3.1,-2.37,104.3,107.3,-3.0,99.4
1981,Cleveland Cavaliers,28.0,54.0,0.34146341463414637,-4.85,-4.15,104.3,109.1,-4.8,100.8
1981,New Jersey Nets,24.0,58.0,0.2926829268292683,-6.02,-5.15,101.0,106.7,-5.7,105.2
1981,Utah Jazz,28.0,54.0,0.34146341463414637,-5.89,-5.99,103.4,109.4,-6.0,97.7
1981,Detroit Pistons,21.0,61.0,0.25609756097560976,-6.32,-5.58,98.1,104.3,-6.2,101.2
1981,Dallas Mavericks,15.0,67.0,0.18292682926829268,-8.4,-8.33,102.4,110.8,-8.4,98.6
1981,League Average,,,,0.0,0.0,105.5,105.5,,101.8
1982,Boston Celtics,63.0,19.0,0.7682926829268293,6.38,6.35,109.8,103.5,6.3,101.5
1982,Philadelphia 76ers,58.0,24.0,0.7073170731707317,5.73,5.74,109.6,103.9,5.7,100.6
1982,Milwaukee Bucks,55.0,27.0,0.6707317073170732,5.48,5.38,107.7,102.3,5.4,100.0
1982,Los Angeles Lakers,57.0,25.0,0.6951219512195121,4.87,4.37,110.2,105.5,4.7,103.1
1982,Seattle SuperSonics,52.0,30.0,0.6341463414634146,4.13,3.69,106.4,102.3,4.1,100.0
1982,Phoenix Suns,46.0,36.0,0.5609756097560976,3.45,3.05,105.8,102.4,3.4,99.5
1982,San Antonio Spurs,48.0,34.0,0.5853658536585366,2.3,1.79,109.9,107.6,2.3,102.5
1982,Golden State Warriors,45.0,37.0,0.5487804878048781,1.04,0.8,108.8,107.7,1.1,101.4
1982,Washington Bullets,43.0,39.0,0.524390243902439,0.88,1.06,103.3,102.5,0.8,99.4
1982,New Jersey Nets,44.0,38.0,0.5365853658536586,0.68,0.87,103.0,102.3,0.7,103.1
1982,Portland Trail Blazers,42.0,40.0,0.5121951219512195,0.6,0.39,108.8,108.2,0.6,100.5
1982,Atlanta Hawks,42.0,40.0,0.5121951219512195,0.54,0.81,105.1,104.6,0.5,95.1
1982,Denver Nuggets,46.0,36.0,0.5609756097560976,0.52,0.13,114.3,113.9,0.4,109.8
1982,Houston Rockets,46.0,36.0,0.5609756097560976,-0.04,-0.39,108.3,108.3,0.0,97.2
1982,Detroit Pistons,39.0,43.0,0.47560975609756095,-0.91,-0.63,105.8,106.6,-0.8,104.3
1982,Indiana Pacers,35.0,47.0,0.4268292682926829,-1.87,-1.49,102.7,104.6,-1.9,98.7
1982,Chicago Bulls,34.0,48.0,0.4146341463414634,-2.02,-1.57,106.6,108.6,-2.0,99.0
1982,New York Knicks,33.0,49.0,0.4024390243902439,-2.67,-2.15,106.0,108.6,-2.6,99.5
1982,Kansas City Kings,30.0,52.0,0.36585365853658536,-3.1,-3.25,104.2,107.2,-3.0,101.8
1982,Dallas Mavericks,28.0,54.0,0.34146341463414637,-4.43,-4.48,105.9,110.4,-4.5,98.5
1982,Utah Jazz,25.0,57.0,0.3048780487804878,-5.66,-5.63,106.2,111.7,-5.5,103.9
1982,San Diego Clippers,17.0,65.0,0.2073170731707317,-7.39,-7.05,106.6,113.8,-7.2,101.4
1982,Cleveland Cavaliers,15.0,67.0,0.18292682926829268,-8.51,-7.77,103.3,111.8,-8.5,99.3
1982,League Average,,,,0.0,0.0,106.9,106.9,,100.9
1983,Philadelphia 76ers,65.0,17.0,0.7926829268292683,7.67,7.53,108.3,100.9,7.4,102.7
1983,Los Angeles Lakers,58.0,24.0,0.7073170731707317,5.55,5.06,110.5,105.2,5.3,103.8
1983,Boston Celtics,56.0,26.0,0.6829268292682927,5.35,5.34,106.9,101.8,5.1,104.0
1983,Phoenix Suns,53.0,29.0,0.6463414634146342,5.06,4.61,105.1,100.1,5.0,101.6
1983,Milwaukee Bucks,51.0,31.0,0.6219512195121951,4.4,4.32,105.8,101.4,4.4,100.0
1983,San Antonio Spurs,53.0,29.0,0.6463414634146342,3.66,3.1,110.1,106.6,3.5,103.3
1983,Seattle SuperSonics,48.0,34.0,0.5853658536585366,3.21,2.88,105.9,102.8,3.1,103.2
1983,New Jersey Nets,49.0,33.0,0.5975609756097561,2.77,2.77,101.6,98.9,2.7,104.0
1983,New York Knicks,44.0,38.0,0.5365853658536586,2.45,2.58,102.4,99.9,2.5,97.0
1983,Portland Trail Blazers,46.0,36.0,0.5609756097560976,2.13,1.88,106.0,103.9,2.1,101.0
1983,Kansas City Kings,45.0,37.0,0.5487804878048781,1.45,1.04,106.2,104.9,1.3,106.6
1983,Denver Nuggets,45.0,37.0,0.5487804878048781,0.62,0.27,109.7,109.1,0.6,112.1
1983,Washington Bullets,42.0,40.0,0.5121951219512195,-0.13,0.2,99.1,99.3,-0.2,99.4
1983,Detroit Pistons,37.0,45.0,0.45121951219512196,-0.4,-0.17,105.4,105.8,-0.4,105.8
1983,Dallas Mavericks,38.0,44.0,0.4634146341463415,-0.41,-0.7,109.4,109.8,-0.4,102.8
1983,Atlanta Hawks,43.0,39.0,0.524390243902439,-0.95,-0.72,102.2,103.2,-1.0,98.9
1983,Golden State Warriors,30.0,52.0,0.36585365853658536,-3.62,-3.48,103.9,107.4,-3.5,104.0
1983,Utah Jazz,30.0,52.0,0.36585365853658536,-4.2,-4.22,101.2,105.1,-3.9,107.3
1983,Chicago Bulls,28.0,54.0,0.34146341463414637,-4.89,-4.41,103.4,108.0,-4.6,106.1
1983,San Diego Clippers,25.0,57.0,0.3048780487804878,-4.83,-4.61,104.7,109.3,-4.6,103.0
1983,Indiana Pacers,20.0,62.0,0.24390243902439024,-5.85,-5.36,103.8,109.4,-5.6,103.9
1983,Cleveland Cavaliers,23.0,59.0,0.2804878048780488,-7.44,-6.78,99.2,106.8,-7.6,97.6
1983,Houston Rockets,14.0,68.0,0.17073170731707318,-11.6,-11.12,97.0,108.3,-11.3,102.2
1983,League Average,,,,0.0,0.0,104.7,104.7,,103.1
1984,Boston Celtics,62.0,20.0,0.7560975609756098,6.56,6.42,110.9,104.4,6.5,99.7
1984,Milwaukee Bucks,50.0,32.0,0.6097560975609756,4.16,4.04,107.8,103.6,4.2,96.9
1984,New York Knicks,47.0,35.0,0.573170731707317,3.84,3.79,107.0,103.1,3.9,99.0
1984,Los Angeles Lakers,54.0,28.0,0.6585365853658537,3.76,3.32,110.9,107.3,3.6,103.7
1984,Portland Trail Blazers,48.0,34.0,0.5853658536585366,3.55,3.13,111.2,107.7,3.5,101.1
1984,Detroit Pistons,49.0,33.0,0.5975609756097561,3.59,3.52,111.5,108.1,3.4,103.8
1984,Philadelphia 76ers,52.0,30.0,0.6341463414634146,2.2,2.39,106.8,104.6,2.2,99.6
1984,New Jersey Nets,45.0,37.0,0.5487804878048781,1.1,1.27,106.1,105.0,1.1,103.0
1984,Utah Jazz,45.0,37.0,0.5487804878048781,1.13,0.81,109.0,108.0,1.0,104.9
1984,Phoenix Suns,41.0,41.0,0.5,0.89,0.65,108.9,108.0,0.9,101.4
1984,Dallas Mavericks,43.0,39.0,0.524390243902439,0.43,0.15,110.0,109.6,0.4,99.0
1984,Seattle SuperSonics,42.0,40.0,0.5121951219512195,-0.17,-0.34,107.9,108.1,-0.2,99.7
1984,San Antonio Spurs,37.0,45.0,0.45121951219512196,-0.27,-0.5,111.2,111.4,-0.2,106.5
1984,Denver Nuggets,38.0,44.0,0.4634146341463415,-1.1,-1.27,111.3,112.3,-1.0,110.5
1984,Atlanta Hawks,40.0,42.0,0.4878048780487805,-1.29,-1.08,105.5,106.9,-1.4,95.3
1984,Kansas City Kings,38.0,44.0,0.4634146341463415,-1.48,-1.62,106.5,108.0,-1.5,102.9
1984,Houston Rockets,29.0,53.0,0.35365853658536583,-3.09,-3.12,105.3,108.2,-2.9,104.7
1984,Washington Bullets,35.0,47.0,0.4268292682926829,-2.89,-2.36,104.2,107.2,-3.0,97.4
1984,San Diego Clippers,30.0,52.0,0.36585365853658536,-3.26,-3.21,109.2,112.4,-3.2,101.1
1984,Golden State Warriors,37.0,45.0,0.45121951219512196,-3.4,-3.35,105.5,108.8,-3.3,103.3
1984,Cleveland Cavaliers,28.0,54.0,0.34146341463414637,-4.26,-3.71,104.1,108.5,-4.4,97.4
1984,Indiana Pacers,26.0,56.0,0.3170731707317073,-4.82,-4.25,101.8,106.5,-4.7,102.1
1984,Chicago Bulls,27.0,55.0,0.32926829268292684,-5.18,-4.69,102.4,107.5,-5.1,99.8
1984,League Average,,,,0.0,0.0,107.6,107.6,,101.4
1985,Los Angeles Lakers,62.0,20.0,0.7560975609756098,7.35,6.48,114.1,107.0,7.1,103.2
1985,Milwaukee Bucks,59.0,23.0,0.7195121951219512,6.85,6.69,110.5,103.6,6.9,99.7
1985,Boston Celtics,63.0,19.0,0.7682926829268293,6.65,6.47,112.8,106.3,6.5,101.6
1985,Philadelphia 76ers,58.0,24.0,0.7073170731707317,4.1,4.17,111.3,107.3,4.0,100.8
1985,Portland Trail Blazers,42.0,40.0,0.5121951219512195,3.4,2.8,110.4,107.1,3.3,103.6
1985,Detroit Pistons,46.0,36.0,0.5609756097560976,2.49,2.73,109.6,107.2,2.4,105.0
1985,Denver Nuggets,52.0,30.0,0.6341463414634146,2.44,2.05,110.7,108.4,2.3,107.6
1985,Dallas Mavericks,44.0,38.0,0.5365853658536586,2.17,1.8,111.5,109.3,2.2,98.8
1985,Houston Rockets,48.0,34.0,0.5853658536585366,1.72,1.38,107.9,106.3,1.6,102.2
1985,San Antonio Spurs,41.0,41.0,0.5,0.91,0.63,109.9,109.0,0.9,103.9
1985,New Jersey Nets,42.0,40.0,0.5121951219512195,0.23,0.64,107.9,107.7,0.2,101.1
1985,Utah Jazz,41.0,41.0,0.5,-0.11,-0.33,103.3,103.4,-0.1,105.1
1985,Washington Bullets,40.0,42.0,0.4878048780487805,-0.27,0.15,104.3,104.6,-0.3,100.3
1985,Chicago Bulls,38.0,44.0,0.4634146341463415,-0.84,-0.5,108.7,109.6,-0.9,99.4
1985,Atlanta Hawks,34.0,48.0,0.4146341463414634,-1.45,-1.14,105.9,107.3,-1.4,99.8
1985,Phoenix Suns,36.0,46.0,0.43902439024390244,-2.11,-2.34,104.7,106.8,-2.1,102.5
1985,Kansas City Kings,31.0,51.0,0.3780487804878049,-2.67,-2.71,109.5,112.1,-2.6,104.4
1985,Cleveland Cavaliers,36.0,46.0,0.43902439024390244,-2.76,-2.27,106.0,108.7,-2.7,101.9
1985,Los Angeles Clippers,31.0,51.0,0.3780487804878049,-4.49,-4.55,105.8,110.2,-4.4,101.0
1985,New York Knicks,24.0,58.0,0.2926829268292683,-4.63,-4.09,104.9,109.6,-4.7,99.5
1985,Seattle SuperSonics,31.0,51.0,0.3780487804878049,-5.44,-5.44,102.8,108.2,-5.4,99.3
1985,Indiana Pacers,22.0,60.0,0.2682926829268293,-6.21,-5.46,102.5,108.4,-5.9,105.1
1985,Golden State Warriors,22.0,60.0,0.2682926829268293,-7.34,-7.21,106.0,113.0,-7.0,103.2
1985,League Average,,,,0.0,0.0,107.9,107.9,,102.1
1986,Boston Celtics,67.0,15.0,0.8170731707317073,9.41,9.06,111.8,102.6,9.2,101.2
1986,Milwaukee Bucks,57.0,25.0,0.6951219512195121,9.04,8.69,111.4,102.7,8.7,102.1
1986,Los Angeles Lakers,62.0,20.0,0.7560975609756098,7.74,6.84,113.3,105.8,7.5,102.7
1986,Houston Rockets,51.0,31.0,0.6219512195121951,2.61,2.1,110.1,107.6,2.5,103.5
1986,Atlanta Hawks,50.0,32.0,0.6097560975609756,2.37,2.59,107.9,105.6,2.3,100.0
1986,Philadelphia 76ers,54.0,28.0,0.6585365853658537,2.35,2.46,108.6,106.3,2.3,100.5
1986,Denver Nuggets,47.0,35.0,0.573170731707317,1.3,0.89,107.1,105.9,1.2,106.7
1986,Dallas Mavericks,44.0,38.0,0.5365853658536586,1.1,0.7,112.1,111.0,1.1,102.2
1986,Detroit Pistons,46.0,36.0,0.5609756097560976,1.17,1.44,109.0,107.9,1.1,104.2
1986,Portland Trail Blazers,40.0,42.0,0.4878048780487805,1.06,0.61,109.2,108.2,1.0,104.5
1986,Seattle SuperSonics,31.0,51.0,0.3780487804878049,-0.1,-0.47,105.9,106.0,-0.1,97.4
1986,Utah Jazz,42.0,40.0,0.5121951219512195,-0.37,-0.67,104.2,104.6,-0.4,103.3
1986,San Antonio Spurs,35.0,47.0,0.4268292682926829,-1.85,-2.06,106.5,108.2,-1.7,103.8
1986,Washington Bullets,39.0,43.0,0.47560975609756095,-1.8,-1.28,103.0,104.8,-1.8,99.1
1986,New Jersey Nets,39.0,43.0,0.47560975609756095,-1.99,-1.39,105.0,106.9,-1.9,103.3
1986,Cleveland Cavaliers,29.0,53.0,0.35365853658536583,-2.87,-2.19,105.5,108.3,-2.8,101.6
1986,Phoenix Suns,32.0,50.0,0.3902439024390244,-2.99,-3.16,104.3,107.2,-2.9,104.8
1986,Sacramento Kings,37.0,45.0,0.45121951219512196,-3.07,-3.19,106.2,109.2,-3.0,102.0
1986,Indiana Pacers,26.0,56.0,0.3170731707317073,-3.33,-2.66,102.6,105.9,-3.3,100.9
1986,Golden State Warriors,30.0,52.0,0.36585365853658536,-3.45,-3.59,108.3,111.6,-3.3,104.2
1986,Chicago Bulls,30.0,52.0,0.36585365853658536,-3.8,-3.12,108.6,112.4,-3.8,99.7
1986,New York Knicks,23.0,59.0,0.2804878048780488,-5.61,-4.82,99.5,105.2,-5.7,98.6
1986,Los Angeles Clippers,32.0,50.0,0.3902439024390244,-6.93,-6.83,105.4,112.1,-6.7,102.7
1986,League Average,,,,0.0,0.0,107.2,107.2,,102.1
1987,Los Angeles Lakers,65.0,17.0,0.7926829268292683,9.3,8.32,115.6,106.5,9.1,101.6
1987,Atlanta Hawks,57.0,25.0,0.6951219512195121,7.23,7.18,112.6,105.2,7.4,97.4
1987,Boston Celtics,59.0,23.0,0.7195121951219512,6.65,6.57,113.5,106.8,6.7,98.6
1987,Dallas Mavericks,55.0,27.0,0.6707317073170732,6.3,5.54,114.9,108.7,6.2,100.5
1987,Milwaukee Bucks,50.0,32.0,0.6097560975609756,3.91,4.04,109.5,105.6,3.9,100.3
1987,Detroit Pistons,52.0,30.0,0.6341463414634146,3.44,3.51,109.2,105.8,3.4,101.0
1987,Portland Trail Blazers,49.0,33.0,0.5975609756097561,3.13,2.57,111.5,108.6,2.9,105.0
1987,Houston Rockets,42.0,40.0,0.5121951219512195,1.0,0.6,106.5,105.5,1.0,99.9
1987,Chicago Bulls,40.0,42.0,0.4878048780487805,0.89,1.26,108.6,107.6,1.0,95.8
1987,Utah Jazz,44.0,38.0,0.5365853658536586,0.4,0.04,104.1,103.7,0.4,103.2
1987,Seattle SuperSonics,39.0,43.0,0.47560975609756095,0.46,0.08,110.7,110.3,0.4,101.8
1987,Philadelphia 76ers,45.0,37.0,0.5487804878048781,-0.2,0.11,108.3,108.5,-0.2,97.3
1987,Indiana Pacers,41.0,41.0,0.5,-0.65,-0.17,106.0,106.6,-0.6,98.8
1987,Denver Nuggets,37.0,45.0,0.45121951219512196,-0.87,-1.14,109.3,110.2,-0.9,106.2
1987,Washington Bullets,42.0,40.0,0.5121951219512195,-1.37,-1.02,105.7,107.0,-1.3,100.2
1987,Golden State Warriors,42.0,40.0,0.5121951219512195,-2.34,-2.54,108.9,111.2,-2.3,101.7
1987,Phoenix Suns,36.0,46.0,0.43902439024390244,-2.44,-2.63,108.0,110.4,-2.4,102.0
1987,Sacramento Kings,29.0,53.0,0.35365853658536583,-3.22,-3.34,108.9,112.1,-3.2,101.3
1987,Cleveland Cavaliers,31.0,51.0,0.3780487804878049,-3.82,-3.19,102.6,106.4,-3.8,101.3
1987,New Jersey Nets,24.0,58.0,0.2926829268292683,-5.05,-4.42,105.6,110.5,-4.9,101.8
1987,San Antonio Spurs,28.0,54.0,0.34146341463414637,-5.1,-5.09,105.9,110.8,-4.9,101.7
1987,New York Knicks,24.0,58.0,0.2926829268292683,-6.27,-5.42,104.8,111.1,-6.3,98.5
1987,Los Angeles Clippers,12.0,70.0,0.14634146341463414,-11.43,-11.0,101.2,112.3,-11.1,102.7
1987,League Average,,,,0.0,-0.01,108.3,108.3,,100.8
1988,Boston Celtics,57.0,25.0,0.6951219512195121,5.94,6.15,115.4,109.4,6.0,97.9
1988,Los Angeles Lakers,62.0,20.0,0.7560975609756098,5.84,4.81,113.1,107.3,5.8,99.1
1988,Detroit Pistons,54.0,28.0,0.6585365853658537,5.17,5.46,110.5,105.3,5.2,98.3
1988,Dallas Mavericks,53.0,29.0,0.6463414634146342,4.37,3.59,112.2,107.7,4.5,97.0
1988,Portland Trail Blazers,53.0,29.0,0.6463414634146342,4.52,3.59,111.8,107.4,4.4,103.6
1988,Denver Nuggets,54.0,28.0,0.6585365853658537,4.07,3.32,110.1,106.3,3.8,105.5
1988,Utah Jazz,47.0,35.0,0.573170731707317,3.68,2.96,106.8,103.1,3.7,101.5
1988,Atlanta Hawks,50.0,32.0,0.6097560975609756,3.6,4.02,111.3,107.6,3.7,96.4
1988,Chicago Bulls,50.0,32.0,0.6097560975609756,3.4,3.76,109.0,105.5,3.5,95.5
1988,Seattle SuperSonics,44.0,38.0,0.5365853658536586,2.06,1.29,110.2,108.1,2.1,100.2
1988,Houston Rockets,46.0,36.0,0.5609756097560976,1.39,0.82,107.1,105.7,1.4,101.8
1988,Cleveland Cavaliers,42.0,40.0,0.5121951219512195,0.76,1.28,106.8,106.0,0.8,97.3
1988,Milwaukee Bucks,42.0,40.0,0.5121951219512195,0.54,1.21,108.2,107.6,0.6,97.6
1988,New York Knicks,38.0,44.0,0.4634146341463415,-0.49,0.14,105.9,106.4,-0.5,99.1
1988,Washington Bullets,38.0,44.0,0.4634146341463415,-0.77,-0.16,106.5,107.2,-0.7,98.1
1988,Indiana Pacers,38.0,44.0,0.4634146341463415,-0.79,-0.18,106.6,107.4,-0.8,98.0
1988,Philadelphia 76ers,36.0,46.0,0.43902439024390244,-1.44,-0.79,108.8,110.3,-1.5,96.0
1988,Phoenix Suns,28.0,54.0,0.34146341463414637,-4.48,-4.8,107.0,111.4,-4.4,101.2
1988,San Antonio Spurs,31.0,51.0,0.3780487804878049,-4.88,-5.02,108.2,112.8,-4.6,104.4
1988,Sacramento Kings,24.0,58.0,0.2926829268292683,-5.76,-5.84,106.5,112.1,-5.6,100.9
1988,New Jersey Nets,19.0,63.0,0.23170731707317074,-8.11,-6.98,101.4,109.6,-8.2,98.6
1988,Golden State Warriors,20.0,62.0,0.24390243902439024,-8.32,-8.38,104.7,112.9,-8.2,101.6
1988,Los Angeles Clippers,17.0,65.0,0.2073170731707317,-10.32,-10.24,97.4,107.6,-10.2,100.8
1988,League Average,,,,0.0,0.0,108.0,108.0,,99.6
1989,Cleveland Cavaliers,57.0,25.0,0.6951219512195121,7.6,7.95,110.6,102.9,7.7,98.0
1989,Phoenix Suns,55.0,27.0,0.6707317073170732,7.7,6.84,113.1,105.7,7.4,104.5
1989,Los Angeles Lakers,57.0,25.0,0.6951219512195121,7.17,6.38,113.8,106.7,7.1,100.1
1989,Detroit Pistons,63.0,19.0,0.7682926829268293,5.8,6.24,110.8,104.7,6.1,95.5
1989,Utah Jazz,51.0,31.0,0.6219512195121951,5.02,4.01,106.6,101.5,5.1,98.0
1989,Atlanta Hawks,52.0,30.0,0.6341463414634146,4.91,5.26,112.2,107.2,5.0,98.3
1989,Milwaukee Bucks,49.0,33.0,0.5975609756097561,3.61,4.11,110.1,106.4,3.7,98.6
1989,New York Knicks,52.0,30.0,0.6341463414634146,3.77,3.62,111.1,107.5,3.6,104.4
1989,Seattle SuperSonics,47.0,35.0,0.573170731707317,2.9,2.44,111.5,108.6,2.9,100.1
1989,Denver Nuggets,44.0,38.0,0.5365853658536586,1.7,0.91,108.6,107.1,1.5,107.5
1989,Philadelphia 76ers,46.0,36.0,0.5609756097560976,1.5,1.68,113.0,111.5,1.5,98.5
1989,Chicago Bulls,47.0,35.0,0.573170731707317,1.44,2.13,109.1,107.7,1.4,97.0
1989,Portland Trail Blazers,39.0,43.0,0.47560975609756095,1.46,0.92,109.4,108.0,1.4,103.9
1989,Boston Celtics,42.0,40.0,0.5121951219512195,1.16,1.26,110.8,109.6,1.2,98.1
1989,Houston Rockets,45.0,37.0,0.5487804878048781,0.95,0.22,105.7,104.8,0.9,101.8
1989,Golden State Warriors,43.0,39.0,0.524390243902439,-0.3,-0.59,107.4,107.7,-0.3,107.3
1989,Dallas Mavericks,38.0,44.0,0.4634146341463415,-1.21,-1.79,107.4,108.6,-1.2,95.9
1989,Washington Bullets,40.0,42.0,0.4878048780487805,-2.16,-1.77,106.4,108.5,-2.1,100.8
1989,Indiana Pacers,28.0,54.0,0.34146341463414637,-4.17,-3.0,106.8,111.0,-4.2,99.2
1989,Sacramento Kings,27.0,55.0,0.32926829268292684,-5.55,-5.35,104.5,110.0,-5.5,100.5
1989,New Jersey Nets,26.0,56.0,0.3170731707317073,-6.35,-5.69,103.0,109.3,-6.3,100.1
1989,San Antonio Spurs,21.0,61.0,0.25609756097560976,-7.28,-7.45,100.9,107.9,-7.0,104.1
1989,Charlotte Hornets,20.0,62.0,0.24390243902439024,-8.52,-7.74,103.7,112.1,-8.4,100.3
1989,Los Angeles Clippers,21.0,61.0,0.25609756097560976,-9.91,-9.5,100.8,110.2,-9.4,104.4
1989,Miami Heat,15.0,67.0,0.18292682926829268,-11.23,-11.13,97.8,109.0,-11.2,99.1
1989,League Average,,,,0.0,0.0,107.8,107.8,,100.6
1990,Los Angeles Lakers,63.0,19.0,0.7682926829268293,6.78,6.74,114.0,107.0,7.0,96.3
1990,Phoenix Suns,54.0,28.0,0.6585365853658537,7.1,7.09,113.1,106.2,6.9,100.7
1990,Detroit Pistons,59.0,23.0,0.7195121951219512,6.09,5.41,109.9,103.5,6.4,94.4
1990,Portland Trail Blazers,59.0,23.0,0.7195121951219512,6.32,6.48,110.5,104.4,6.1,102.3
1990,Philadelphia 76ers,53.0,29.0,0.6463414634146342,4.99,4.23,113.5,108.4,5.1,96.5
1990,Utah Jazz,55.0,27.0,0.6707317073170732,4.79,4.82,110.3,105.4,4.9,96.1
1990,Boston Celtics,52.0,30.0,0.6341463414634146,3.99,3.23,112.0,107.9,4.1,98.2
1990,San Antonio Spurs,56.0,26.0,0.6829268292682927,3.49,3.58,107.7,104.2,3.5,98.5
1990,Chicago Bulls,55.0,27.0,0.6707317073170732,3.26,2.74,112.3,109.0,3.3,96.7
1990,Houston Rockets,41.0,41.0,0.5,1.46,1.71,104.8,103.4,1.4,101.2
1990,New York Knicks,45.0,37.0,0.5487804878048781,1.41,0.78,109.4,108.0,1.4,98.2
1990,Denver Nuggets,43.0,39.0,0.524390243902439,1.41,1.56,108.0,106.7,1.3,105.4
1990,Seattle SuperSonics,41.0,41.0,0.5,1.04,1.4,110.9,109.8,1.1,95.3
1990,Atlanta Hawks,41.0,41.0,0.5,1.02,0.64,113.0,111.9,1.1,95.8
1990,Indiana Pacers,42.0,40.0,0.5121951219512195,0.16,-0.18,111.5,111.4,0.1,97.0
1990,Dallas Mavericks,47.0,35.0,0.573170731707317,0.07,0.42,107.2,107.2,0.0,94.5
1990,Cleveland Cavaliers,42.0,40.0,0.5121951219512195,-0.3,-0.62,106.9,107.2,-0.3,95.0
1990,Milwaukee Bucks,44.0,38.0,0.5365853658536586,-0.78,-1.06,107.3,108.1,-0.8,98.0
1990,Washington Bullets,31.0,51.0,0.3780487804878049,-2.16,-2.43,107.5,109.7,-2.2,99.4
1990,Golden State Warriors,37.0,45.0,0.45121951219512196,-3.13,-2.55,109.6,112.6,-3.0,105.9
1990,Los Angeles Clippers,30.0,52.0,0.36585365853658536,-3.39,-2.8,104.0,107.4,-3.4,99.2
1990,Minnesota Timberwolves,22.0,60.0,0.2682926829268293,-4.23,-3.6,103.6,108.2,-4.6,91.1
1990,Sacramento Kings,23.0,59.0,0.2804878048780488,-5.06,-4.41,104.8,110.0,-5.2,96.7
1990,New Jersey Nets,17.0,65.0,0.2073170731707317,-7.87,-7.82,100.7,108.6,-7.9,99.3
1990,Charlotte Hornets,19.0,63.0,0.23170731707317074,-7.82,-7.0,102.0,109.9,-7.9,98.1
1990,Orlando Magic,18.0,64.0,0.21951219512195122,-8.91,-8.73,105.8,114.3,-8.5,104.1
1990,Miami Heat,18.0,64.0,0.21951219512195122,-9.72,-9.59,99.3,108.9,-9.6,101.0
1990,League Average,,,,0.0,0.0,108.1,108.1,,98.3
1991,Chicago Bulls,61.0,21.0,0.7439024390243902,9.1,8.57,114.6,105.2,9.4,95.6
1991,Portland Trail Blazers,63.0,19.0,0.7682926829268293,8.68,8.47,112.8,104.3,8.5,100.5
1991,Los Angeles Lakers,58.0,24.0,0.7073170731707317,6.74,6.73,112.1,105.0,7.1,94.1
1991,Phoenix Suns,55.0,27.0,0.6707317073170732,6.55,6.49,112.6,106.1,6.5,101.0
1991,Boston Celtics,56.0,26.0,0.6829268292682927,5.82,5.22,112.6,106.7,5.9,98.5
1991,San Antonio Spurs,55.0,27.0,0.6707317073170732,4.51,4.3,107.8,103.3,4.5,98.6
1991,Detroit Pistons,50.0,32.0,0.6097560975609756,3.27,3.08,108.2,104.6,3.6,91.9
1991,Utah Jazz,54.0,28.0,0.6585365853658537,3.33,3.18,108.6,105.1,3.5,95.3
1991,Houston Rockets,52.0,30.0,0.6341463414634146,3.5,3.27,107.4,103.9,3.5,98.5
1991,Milwaukee Bucks,48.0,34.0,0.5853658536585366,2.48,2.33,109.7,107.2,2.5,96.1
1991,Golden State Warriors,44.0,38.0,0.5365853658536586,1.63,1.72,111.9,110.3,1.6,103.6
1991,Seattle SuperSonics,41.0,41.0,0.5,1.23,1.31,109.7,108.5,1.2,96.2
1991,Atlanta Hawks,43.0,39.0,0.524390243902439,0.77,0.72,110.9,110.1,0.8,98.6
1991,New York Knicks,39.0,43.0,0.47560975609756095,-0.23,-0.43,107.1,107.3,-0.2,95.0
1991,Philadelphia 76ers,44.0,38.0,0.5365853658536586,-0.18,-0.39,107.9,108.1,-0.2,95.7
1991,Indiana Pacers,41.0,41.0,0.5,-0.39,-0.37,111.7,112.1,-0.4,99.4
1991,Cleveland Cavaliers,33.0,49.0,0.4024390243902439,-2.46,-2.33,106.1,108.7,-2.6,95.1
1991,Los Angeles Clippers,31.0,51.0,0.3780487804878049,-3.45,-3.16,103.0,106.5,-3.5,99.9
1991,Orlando Magic,31.0,51.0,0.3780487804878049,-3.98,-3.79,105.9,109.9,-4.0,99.5
1991,Minnesota Timberwolves,29.0,53.0,0.35365853658536583,-3.93,-3.75,106.7,110.9,-4.2,92.3
1991,New Jersey Nets,26.0,56.0,0.3170731707317073,-4.51,-4.53,102.9,107.4,-4.5,99.3
1991,Dallas Mavericks,28.0,54.0,0.34146341463414637,-4.57,-4.27,105.5,110.3,-4.8,94.2
1991,Washington Bullets,30.0,52.0,0.36585365853658536,-4.98,-4.84,103.0,108.1,-5.1,97.5
1991,Charlotte Hornets,26.0,56.0,0.3170731707317073,-5.24,-4.95,105.0,110.4,-5.4,97.3
1991,Miami Heat,24.0,58.0,0.2926829268292683,-5.99,-5.91,102.0,108.1,-6.1,99.3
1991,Sacramento Kings,25.0,57.0,0.3048780487804878,-6.78,-6.27,102.0,109.1,-7.1,94.7
1991,Denver Nuggets,20.0,62.0,0.24390243902439024,-10.91,-10.31,105.2,114.7,-9.5,113.7
1991,League Average,,,,0.0,0.0,107.9,107.9,,97.8
1992,Chicago Bulls,67.0,15.0,0.8170731707317073,10.44,10.07,115.5,104.5,11.0,94.4
1992,Portland Trail Blazers,57.0,25.0,0.6951219512195121,7.27,6.94,111.4,104.2,7.2,99.0
1992,Utah Jazz,55.0,27.0,0.6707317073170732,6.39,5.7,112.2,105.6,6.6,95.5
1992,Phoenix Suns,53.0,29.0,0.6463414634146342,5.94,5.68,112.1,106.2,5.9,99.4
1992,Cleveland Cavaliers,57.0,25.0,0.6951219512195121,5.45,5.34,113.9,108.2,5.7,95.0
1992,New York Knicks,51.0,31.0,0.6219512195121951,3.89,3.67,108.3,104.2,4.1,92.9
1992,Boston Celtics,51.0,31.0,0.6219512195121951,3.62,3.41,110.8,107.0,3.8,95.8
1992,Golden State Warriors,55.0,27.0,0.6707317073170732,3.9,3.77,113.6,109.9,3.7,103.4
1992,San Antonio Spurs,47.0,35.0,0.573170731707317,3.32,2.81,107.5,104.1,3.4,96.2
1992,Detroit Pistons,48.0,34.0,0.5853658536585366,2.04,2.06,107.5,105.3,2.2,91.6
1992,Seattle SuperSonics,47.0,35.0,0.573170731707317,1.88,1.86,110.7,108.8,1.9,95.4
1992,Indiana Pacers,40.0,42.0,0.4878048780487805,1.89,1.85,111.7,109.9,1.8,99.0
1992,Los Angeles Clippers,45.0,37.0,0.5487804878048781,1.07,1.1,105.8,104.7,1.1,96.5
1992,Los Angeles Lakers,43.0,39.0,0.524390243902439,-1.1,-0.95,107.7,108.9,-1.2,92.5
1992,Philadelphia 76ers,35.0,47.0,0.4268292682926829,-1.27,-1.34,108.3,109.7,-1.4,93.7
1992,Atlanta Hawks,38.0,44.0,0.4634146341463415,-1.5,-1.15,107.3,108.9,-1.6,97.8
1992,New Jersey Nets,40.0,42.0,0.4878048780487805,-1.7,-1.54,107.0,108.7,-1.7,98.0
1992,Houston Rockets,42.0,40.0,0.5121951219512195,-1.72,-1.94,106.2,108.0,-1.8,95.1
1992,Milwaukee Bucks,31.0,51.0,0.3780487804878049,-1.71,-1.46,108.8,110.6,-1.8,95.5
1992,Charlotte Hornets,31.0,51.0,0.3780487804878049,-3.9,-3.57,107.1,110.9,-3.8,101.7
1992,Miami Heat,38.0,44.0,0.4634146341463415,-4.21,-3.94,106.7,110.9,-4.2,97.7
1992,Washington Bullets,25.0,57.0,0.3048780487804878,-4.46,-4.35,103.9,108.4,-4.5,97.7
1992,Sacramento Kings,29.0,53.0,0.35365853658536583,-6.06,-5.63,103.9,109.9,-6.0,99.6
1992,Orlando Magic,21.0,61.0,0.25609756097560976,-6.91,-6.52,103.5,110.5,-7.0,98.0
1992,Minnesota Timberwolves,15.0,67.0,0.18292682926829268,-7.05,-6.85,105.0,112.4,-7.4,95.1
1992,Denver Nuggets,24.0,58.0,0.2926829268292683,-7.87,-7.59,100.7,108.6,-7.9,98.6
1992,Dallas Mavericks,22.0,60.0,0.2682926829268293,-7.65,-7.47,103.0,111.1,-8.1,94.4
1992,League Average,,,,0.0,0.0,108.2,108.2,,96.6
1993,Seattle SuperSonics,55.0,27.0,0.6707317073170732,7.07,6.66,112.3,104.9,7.4,96.0
1993,Chicago Bulls,57.0,25.0,0.6951219512195121,6.29,6.19,112.9,106.1,6.8,92.5
1993,Cleveland Cavaliers,54.0,28.0,0.6585365853658537,6.45,6.3,112.7,106.0,6.7,94.8
1993,Phoenix Suns,62.0,20.0,0.7560975609756098,6.66,6.27,113.3,106.7,6.6,99.8
1993,New York Knicks,60.0,22.0,0.7317073170731707,6.16,5.87,106.1,99.7,6.4,94.5
1993,Houston Rockets,55.0,27.0,0.6707317073170732,4.23,3.57,109.6,105.2,4.4,94.4
1993,Portland Trail Blazers,51.0,31.0,0.6219512195121951,3.11,2.92,108.3,105.2,3.1,99.1
1993,San Antonio Spurs,49.0,33.0,0.5975609756097561,2.67,2.21,109.6,106.8,2.8,95.4
1993,Utah Jazz,47.0,35.0,0.573170731707317,2.17,1.74,109.6,107.4,2.2,96.5
1993,Indiana Pacers,41.0,41.0,0.5,1.7,1.77,111.9,110.1,1.8,96.0
1993,Orlando Magic,41.0,41.0,0.5,1.32,1.35,108.5,107.1,1.4,96.3
1993,New Jersey Nets,43.0,39.0,0.524390243902439,1.26,1.2,106.5,105.2,1.3,96.0
1993,Boston Celtics,48.0,34.0,0.5853658536585366,0.89,0.93,108.7,107.8,0.9,94.9
1993,Los Angeles Clippers,41.0,41.0,0.5,0.35,0.33,107.4,107.1,0.3,99.1
1993,Charlotte Hornets,44.0,38.0,0.5365853658536586,-0.24,-0.02,109.5,109.7,-0.2,100.2
1993,Atlanta Hawks,43.0,39.0,0.524390243902439,-0.87,-0.67,109.3,110.2,-0.9,97.6
1993,Golden State Warriors,34.0,48.0,0.4146341463414634,-0.99,-0.94,109.2,110.2,-1.0,99.5
1993,Miami Heat,36.0,46.0,0.43902439024390244,-1.15,-0.93,107.7,108.9,-1.2,94.6
1993,Los Angeles Lakers,39.0,43.0,0.47560975609756095,-1.27,-1.2,107.6,108.9,-1.3,96.2
1993,Detroit Pistons,40.0,42.0,0.4878048780487805,-1.39,-1.1,107.4,108.9,-1.5,93.2
1993,Denver Nuggets,36.0,46.0,0.43902439024390244,-1.74,-2.14,104.6,106.3,-1.7,99.8
1993,Sacramento Kings,25.0,57.0,0.3048780487804878,-3.17,-3.0,106.5,109.6,-3.1,100.8
1993,Milwaukee Bucks,28.0,54.0,0.34146341463414637,-3.73,-3.26,106.2,110.1,-3.9,96.1
1993,Philadelphia 76ers,26.0,56.0,0.3170731707317073,-5.77,-5.25,104.6,110.4,-5.8,98.5
1993,Washington Bullets,22.0,60.0,0.2682926829268293,-7.04,-6.49,103.6,110.8,-7.2,97.7
1993,Minnesota Timberwolves,19.0,63.0,0.23170731707317074,-7.78,-7.62,103.6,111.8,-8.2,93.8
1993,Dallas Mavericks,11.0,71.0,0.13414634146341464,-15.2,-14.68,99.5,114.7,-15.2,99.5
1993,League Average,,,,0.0,0.0,108.0,108.0,,96.8
1994,Seattle SuperSonics,63.0,19.0,0.7682926829268293,9.09,8.68,111.1,101.5,9.6,95.1
1994,New York Knicks,57.0,25.0,0.6951219512195121,6.99,6.48,105.7,98.2,7.5,92.8
1994,San Antonio Spurs,55.0,27.0,0.6707317073170732,5.26,5.05,110.4,104.6,5.8,90.1
1994,Atlanta Hawks,57.0,25.0,0.6951219512195121,5.27,4.94,107.2,101.7,5.5,94.2
1994,Phoenix Suns,56.0,26.0,0.6829268292682927,4.84,4.68,111.7,106.8,4.9,96.7
1994,Utah Jazz,53.0,29.0,0.6463414634146342,4.22,4.1,108.6,104.1,4.5,93.1
1994,Houston Rockets,58.0,24.0,0.7073170731707317,4.32,4.19,105.9,101.4,4.5,95.0
1994,Cleveland Cavaliers,47.0,35.0,0.573170731707317,4.02,3.64,109.4,105.1,4.3,91.7
1994,Orlando Magic,50.0,32.0,0.6097560975609756,3.89,3.68,110.8,106.7,4.1,95.2
1994,Indiana Pacers,47.0,35.0,0.573170731707317,3.45,3.26,107.8,104.2,3.6,93.3
1994,Chicago Bulls,55.0,27.0,0.6707317073170732,3.09,2.87,106.1,102.7,3.4,91.9
1994,Miami Heat,42.0,40.0,0.5121951219512195,2.67,2.4,109.5,106.7,2.8,93.8
1994,Portland Trail Blazers,47.0,35.0,0.573170731707317,2.63,2.6,108.1,105.5,2.6,98.8
1994,New Jersey Nets,45.0,37.0,0.5487804878048781,2.2,2.11,107.2,104.9,2.3,95.5
1994,Golden State Warriors,50.0,32.0,0.6097560975609756,1.74,1.76,108.3,106.5,1.8,99.1
1994,Denver Nuggets,42.0,40.0,0.5121951219512195,1.49,1.54,103.9,102.3,1.6,96.1
1994,Charlotte Hornets,41.0,41.0,0.5,-0.22,-0.23,108.4,108.6,-0.2,97.5
1994,Boston Celtics,32.0,50.0,0.3902439024390244,-4.28,-4.28,104.2,108.7,-4.5,95.6
1994,Los Angeles Lakers,33.0,49.0,0.4024390243902439,-4.29,-3.93,104.8,109.3,-4.5,95.5
1994,Los Angeles Clippers,27.0,55.0,0.32926829268292684,-5.72,-5.28,102.9,108.6,-5.7,99.6
1994,Sacramento Kings,28.0,54.0,0.34146341463414637,-5.77,-5.32,103.3,109.2,-5.9,97.5
1994,Milwaukee Bucks,20.0,62.0,0.24390243902439024,-6.48,-6.24,102.5,109.3,-6.8,94.5
1994,Minnesota Timberwolves,20.0,62.0,0.24390243902439024,-6.93,-6.55,101.9,109.2,-7.3,94.7
1994,Washington Bullets,24.0,58.0,0.2926829268292683,-7.38,-7.13,104.5,112.2,-7.7,95.9
1994,Philadelphia 76ers,25.0,57.0,0.3048780487804878,-7.62,-7.37,101.7,109.7,-8.0,95.7
1994,Detroit Pistons,20.0,62.0,0.24390243902439024,-7.78,-7.46,102.7,110.9,-8.2,94.2
1994,Dallas Mavericks,13.0,69.0,0.15853658536585366,-8.7,-8.19,100.4,109.6,-9.2,94.5
1994,League Average,,,,0.0,0.0,106.3,106.3,,95.1
1995,Utah Jazz,60.0,22.0,0.7317073170731707,7.99,7.76,114.3,105.7,8.6,92.6
1995,Seattle SuperSonics,57.0,25.0,0.6951219512195121,8.18,7.91,114.8,106.3,8.5,95.5
1995,Orlando Magic,57.0,25.0,0.6951219512195121,7.06,6.44,115.1,107.8,7.3,95.1
1995,San Antonio Spurs,62.0,20.0,0.7560975609756098,5.96,5.9,111.7,105.4,6.3,94.6
1995,Chicago Bulls,47.0,35.0,0.573170731707317,4.83,4.32,109.5,104.3,5.2,92.0
1995,Phoenix Suns,59.0,23.0,0.7195121951219512,3.88,3.86,114.5,110.4,4.1,95.9
1995,Portland Trail Blazers,44.0,38.0,0.5365853658536586,3.82,3.8,109.7,105.7,4.0,93.8
1995,Indiana Pacers,52.0,30.0,0.6341463414634146,3.7,3.35,109.6,105.6,4.0,90.0
1995,Charlotte Hornets,50.0,32.0,0.6097560975609756,3.28,2.87,109.6,106.1,3.5,91.2
1995,New York Knicks,55.0,27.0,0.6707317073170732,3.11,2.78,107.2,103.8,3.4,91.2
1995,Houston Rockets,47.0,35.0,0.573170731707317,2.12,2.32,109.7,107.4,2.3,94.2
1995,Atlanta Hawks,42.0,40.0,0.5121951219512195,1.28,1.06,106.6,105.2,1.4,89.8
1995,Denver Nuggets,41.0,41.0,0.5,0.84,0.96,109.1,108.2,0.9,91.5
1995,Cleveland Cavaliers,43.0,39.0,0.524390243902439,0.62,0.55,105.3,104.6,0.7,84.8
1995,Los Angeles Lakers,48.0,34.0,0.5853658536585366,-0.22,-0.01,109.1,109.4,-0.3,95.2
1995,Sacramento Kings,39.0,43.0,0.47560975609756095,-1.0,-0.74,105.5,106.5,-1.0,92.3
1995,Miami Heat,32.0,50.0,0.3902439024390244,-1.63,-1.85,108.2,109.9,-1.7,92.9
1995,Boston Celtics,35.0,47.0,0.4268292682926829,-1.88,-1.92,108.6,110.6,-2.0,94.0
1995,Dallas Mavericks,36.0,46.0,0.43902439024390244,-2.9,-2.39,107.6,110.6,-3.0,94.7
1995,New Jersey Nets,30.0,52.0,0.36585365853658536,-3.13,-3.28,105.2,108.6,-3.4,92.3
1995,Milwaukee Bucks,34.0,48.0,0.4146341463414634,-4.37,-4.3,106.2,110.9,-4.7,92.7
1995,Golden State Warriors,26.0,56.0,0.3170731707317073,-5.41,-4.9,106.7,112.2,-5.5,97.9
1995,Philadelphia 76ers,24.0,58.0,0.2926829268292683,-5.07,-5.06,104.1,109.7,-5.6,91.0
1995,Washington Bullets,21.0,61.0,0.25609756097560976,-5.6,-5.56,105.4,111.3,-5.9,94.5
1995,Detroit Pistons,28.0,54.0,0.34146341463414637,-7.29,-7.08,105.1,112.9,-7.8,93.2
1995,Los Angeles Clippers,17.0,65.0,0.2073170731707317,-9.16,-8.43,101.5,111.1,-9.6,94.3
1995,Minnesota Timberwolves,21.0,61.0,0.25609756097560976,-9.0,-8.22,102.6,112.4,-9.8,91.4
1995,League Average,,,,0.0,0.01,108.3,108.3,,92.9
1996,Chicago Bulls,72.0,10.0,0.8780487804878049,12.24,11.8,115.2,101.8,13.4,91.1
1996,Seattle SuperSonics,64.0,18.0,0.7804878048780488,7.79,7.4,110.3,102.1,8.2,93.8
1996,Utah Jazz,55.0,27.0,0.6707317073170732,6.59,6.25,113.3,106.1,7.2,90.0
1996,San Antonio Spurs,59.0,23.0,0.7195121951219512,6.3,5.98,110.2,103.5,6.7,93.3
1996,Orlando Magic,60.0,22.0,0.7317073170731707,5.56,5.4,112.9,106.9,6.0,91.8
1996,Los Angeles Lakers,53.0,29.0,0.6463414634146342,4.45,4.21,111.4,106.6,4.8,92.4
1996,Indiana Pacers,52.0,30.0,0.6341463414634146,3.24,3.11,110.8,107.2,3.6,89.3
1996,Cleveland Cavaliers,47.0,35.0,0.573170731707317,2.59,2.49,109.9,106.7,3.2,82.3
1996,Detroit Pistons,46.0,36.0,0.5609756097560976,2.5,2.45,107.9,105.1,2.8,87.7
1996,Portland Trail Blazers,44.0,38.0,0.5365853658536586,2.35,2.21,106.0,103.5,2.5,92.6
1996,New York Knicks,47.0,35.0,0.573170731707317,2.32,2.24,106.0,103.5,2.5,91.0
1996,Houston Rockets,48.0,34.0,0.5853658536585366,1.74,1.63,109.3,107.4,1.9,93.2
1996,Miami Heat,42.0,40.0,0.5121951219512195,1.43,1.46,105.3,103.8,1.5,91.1
1996,Atlanta Hawks,46.0,36.0,0.5609756097560976,1.22,1.29,109.4,108.0,1.4,89.6
1996,Washington Bullets,39.0,43.0,0.47560975609756095,1.06,0.99,108.7,107.6,1.1,93.7
1996,Phoenix Suns,41.0,41.0,0.5,0.33,0.28,110.3,110.0,0.3,93.2
1996,Charlotte Hornets,41.0,41.0,0.5,-0.57,-0.48,111.2,111.8,-0.6,91.6
1996,Golden State Warriors,36.0,46.0,0.43902439024390244,-1.45,-1.42,108.4,109.9,-1.5,93.4
1996,Denver Nuggets,35.0,47.0,0.4268292682926829,-2.71,-2.62,105.2,108.1,-2.9,92.2
1996,Sacramento Kings,39.0,43.0,0.47560975609756095,-2.71,-2.62,106.2,109.1,-2.9,93.4
1996,Boston Celtics,33.0,49.0,0.4024390243902439,-3.4,-3.37,106.4,109.9,-3.5,96.2
1996,Los Angeles Clippers,29.0,53.0,0.35365853658536583,-3.6,-3.46,106.5,110.3,-3.8,93.2
1996,New Jersey Nets,30.0,52.0,0.36585365853658536,-4.23,-4.14,101.9,106.5,-4.6,90.9
1996,Dallas Mavericks,26.0,56.0,0.3170731707317073,-4.9,-4.71,106.1,111.2,-5.1,95.4
1996,Minnesota Timberwolves,26.0,56.0,0.3170731707317073,-5.35,-5.14,104.1,109.8,-5.7,93.5
1996,Milwaukee Bucks,25.0,57.0,0.3048780487804878,-5.3,-4.92,105.6,111.5,-5.9,90.2
1996,Toronto Raptors,21.0,61.0,0.25609756097560976,-7.51,-7.2,103.8,111.8,-8.0,93.2
1996,Philadelphia 76ers,18.0,64.0,0.21951219512195122,-10.0,-9.45,102.2,113.0,-10.8,92.2
1996,Vancouver Grizzlies,15.0,67.0,0.18292682926829268,-9.98,-9.55,97.6,108.5,-10.9,91.0
1996,League Average,,,,0.0,0.0,107.6,107.6,,91.8
1997,Chicago Bulls,69.0,13.0,0.8414634146341463,10.8,10.7,114.4,102.4,12.0,90.0
1997,Utah Jazz,64.0,18.0,0.7804878048780488,8.79,7.97,113.6,104.0,9.6,90.0
1997,Seattle SuperSonics,57.0,25.0,0.6951219512195121,7.68,6.91,111.2,102.7,8.5,90.3
1997,Atlanta Hawks,56.0,26.0,0.6829268292682927,5.44,5.52,108.5,102.3,6.2,86.8
1997,Miami Heat,61.0,21.0,0.7439024390243902,5.49,5.56,106.8,100.6,6.2,88.2
1997,Detroit Pistons,54.0,28.0,0.6585365853658537,5.24,5.45,110.6,104.4,6.2,84.5
1997,Houston Rockets,57.0,25.0,0.6951219512195121,4.48,3.85,108.8,104.0,4.8,91.6
1997,Los Angeles Lakers,56.0,26.0,0.6829268292682927,4.27,3.66,108.3,103.7,4.6,91.1
1997,Portland Trail Blazers,49.0,33.0,0.5975609756097561,4.17,3.56,107.9,103.3,4.6,90.9
1997,New York Knicks,57.0,25.0,0.6951219512195121,3.12,3.31,104.4,101.0,3.4,90.5
1997,Cleveland Cavaliers,42.0,40.0,0.5121951219512195,1.84,2.32,104.6,102.4,2.2,82.9
1997,Charlotte Hornets,54.0,28.0,0.6585365853658537,1.87,2.13,110.9,108.9,2.0,88.6
1997,Washington Bullets,44.0,38.0,0.5365853658536586,1.62,1.77,106.6,104.9,1.7,92.4
1997,Indiana Pacers,39.0,43.0,0.47560975609756095,0.98,1.49,105.8,104.7,1.1,89.0
1997,Phoenix Suns,40.0,42.0,0.4878048780487805,0.66,0.21,109.3,108.6,0.7,93.2
1997,Orlando Magic,45.0,37.0,0.5487804878048781,-0.35,-0.07,105.6,106.0,-0.4,88.3
1997,Minnesota Timberwolves,40.0,42.0,0.4878048780487805,-1.48,-1.82,105.5,107.1,-1.6,90.7
1997,Milwaukee Bucks,33.0,49.0,0.4024390243902439,-1.89,-1.38,106.2,108.3,-2.1,89.5
1997,Los Angeles Clippers,36.0,46.0,0.43902439024390244,-2.35,-2.66,105.1,107.6,-2.5,91.3
1997,Toronto Raptors,30.0,52.0,0.36585365853658536,-3.12,-2.56,104.6,108.0,-3.4,90.6
1997,Sacramento Kings,34.0,48.0,0.4146341463414634,-3.38,-3.64,105.0,108.7,-3.7,91.0
1997,New Jersey Nets,26.0,56.0,0.3170731707317073,-4.56,-3.89,104.7,109.7,-5.0,92.4
1997,Golden State Warriors,30.0,52.0,0.36585365853658536,-4.71,-4.9,107.2,112.2,-5.0,91.9
1997,Denver Nuggets,21.0,61.0,0.25609756097560976,-6.28,-6.4,104.5,111.2,-6.7,92.4
1997,Philadelphia 76ers,22.0,60.0,0.2682926829268293,-6.54,-5.89,104.6,111.4,-6.8,95.3
1997,Dallas Mavericks,24.0,58.0,0.2926829268292683,-6.35,-6.47,101.1,108.2,-7.1,89.0
1997,Boston Celtics,15.0,67.0,0.18292682926829268,-7.33,-6.62,103.9,111.4,-7.5,95.8
1997,San Antonio Spurs,20.0,62.0,0.24390243902439024,-7.88,-7.93,103.3,112.3,-9.0,87.3
1997,Vancouver Grizzlies,14.0,68.0,0.17073170731707318,-10.23,-10.17,100.3,111.8,-11.5,88.4
1997,League Average,,,,0.0,0.0,106.7,106.7,,90.1
1998,Los Angeles Lakers,61.0,21.0,0.7439024390243902,7.74,6.88,111.9,103.7,8.2,93.6
1998,Seattle SuperSonics,61.0,21.0,0.7439024390243902,7.17,6.33,111.6,103.6,8.0,89.8
1998,Chicago Bulls,62.0,20.0,0.7560975609756098,7.11,7.24,107.7,99.8,7.9,89.0
1998,Utah Jazz,62.0,20.0,0.7560975609756098,6.54,5.73,112.7,105.4,7.3,89.2
1998,Indiana Pacers,58.0,24.0,0.7073170731707317,6.09,6.25,108.4,101.5,6.9,87.9
1998,Phoenix Suns,56.0,26.0,0.6829268292682927,5.18,4.44,107.4,101.8,5.6,91.4
1998,Miami Heat,55.0,27.0,0.6707317073170732,4.93,5.09,107.6,102.0,5.6,87.9
1998,San Antonio Spurs,56.0,26.0,0.6829268292682927,3.99,3.3,103.8,99.4,4.4,88.4
1998,Atlanta Hawks,50.0,32.0,0.6097560975609756,3.51,3.85,108.2,104.3,3.9,87.7
1998,Cleveland Cavaliers,47.0,35.0,0.573170731707317,2.73,3.06,102.1,99.1,3.0,89.9
1998,New York Knicks,43.0,39.0,0.524390243902439,2.46,2.74,103.0,100.3,2.7,88.2
1998,Charlotte Hornets,51.0,31.0,0.6219512195121951,2.0,2.45,107.5,105.3,2.2,89.4
1998,Detroit Pistons,37.0,45.0,0.45121951219512196,1.57,1.95,105.3,103.5,1.8,88.2
1998,New Jersey Nets,43.0,39.0,0.524390243902439,1.57,1.88,108.3,106.6,1.7,91.0
1998,Portland Trail Blazers,46.0,36.0,0.5609756097560976,1.4,0.83,104.0,102.4,1.6,90.0
1998,Washington Wizards,42.0,40.0,0.5121951219512195,0.59,1.11,105.2,104.5,0.7,91.8
1998,Minnesota Timberwolves,45.0,37.0,0.5487804878048781,0.71,0.17,107.8,107.1,0.7,92.6
1998,Houston Rockets,41.0,41.0,0.5,-0.76,-1.23,107.7,108.6,-0.9,91.0
1998,Orlando Magic,41.0,41.0,0.5,-1.07,-0.53,102.6,103.8,-1.2,87.1
1998,Milwaukee Bucks,36.0,46.0,0.43902439024390244,-1.91,-1.33,103.5,105.6,-2.1,90.2
1998,Philadelphia 76ers,31.0,51.0,0.3780487804878049,-2.39,-1.89,102.8,105.4,-2.6,90.5
1998,Boston Celtics,36.0,46.0,0.43902439024390244,-2.62,-1.96,102.5,105.3,-2.8,93.3
1998,Sacramento Kings,27.0,55.0,0.32926829268292684,-5.59,-5.83,100.8,106.9,-6.1,92.1
1998,Dallas Mavericks,20.0,62.0,0.24390243902439024,-6.11,-6.33,100.5,107.2,-6.7,89.9
1998,Los Angeles Clippers,17.0,65.0,0.2073170731707317,-7.37,-7.53,103.3,111.2,-7.9,92.4
1998,Vancouver Grizzlies,19.0,63.0,0.23170731707317074,-7.3,-7.47,104.1,112.0,-7.9,92.1
1998,Toronto Raptors,16.0,66.0,0.1951219512195122,-9.27,-8.33,101.2,111.0,-9.8,92.6
1998,Golden State Warriors,19.0,63.0,0.23170731707317074,-9.12,-9.2,95.8,105.7,-9.9,91.4
1998,Denver Nuggets,11.0,71.0,0.13414634146341464,-11.78,-11.74,99.0,112.1,-13.1,89.7
1998,League Average,,,,0.0,0.0,105.0,105.0,,90.3
1999,San Antonio Spurs,37.0,13.0,0.74,8.06,7.12,104.0,95.0,9.0,88.6
1999,Utah Jazz,37.0,13.0,0.74,6.52,5.54,105.8,98.4,7.4,87.0
1999,Portland Trail Blazers,35.0,15.0,0.7,6.36,5.67,104.8,97.7,7.1,89.2
1999,Miami Heat,33.0,17.0,0.66,4.96,5.11,104.7,98.9,5.8,84.8
1999,Indiana Pacers,33.0,17.0,0.66,3.74,3.86,108.7,104.4,4.3,86.4
1999,Detroit Pistons,29.0,21.0,0.58,3.42,3.97,104.2,100.3,3.9,86.3
1999,Atlanta Hawks,31.0,19.0,0.62,2.9,2.82,100.5,97.1,3.4,85.3
1999,Los Angeles Lakers,31.0,19.0,0.62,3.02,2.68,107.6,104.3,3.3,91.6
1999,Orlando Magic,33.0,17.0,0.66,2.6,3.11,100.3,97.4,2.9,88.8
1999,Houston Rockets,31.0,19.0,0.62,2.32,1.39,105.4,102.9,2.5,88.8
1999,Phoenix Suns,27.0,23.0,0.54,2.26,2.15,105.8,103.3,2.5,90.0
1999,Philadelphia 76ers,28.0,22.0,0.56,2.06,2.56,99.9,97.6,2.3,88.6
1999,Milwaukee Bucks,28.0,22.0,0.56,1.66,1.66,104.9,103.0,1.9,87.0
1999,New York Knicks,27.0,23.0,0.54,1.02,1.45,98.6,97.5,1.1,86.9
1999,Minnesota Timberwolves,25.0,25.0,0.5,0.38,-0.17,101.9,101.5,0.4,91.0
1999,Charlotte Hornets,26.0,24.0,0.52,-0.1,0.63,102.3,102.4,-0.1,89.7
1999,Sacramento Kings,27.0,23.0,0.54,-0.42,-0.89,102.7,103.1,-0.4,96.0
1999,Seattle SuperSonics,25.0,25.0,0.5,-1.08,-1.43,105.0,106.2,-1.2,89.6
1999,Toronto Raptors,23.0,27.0,0.46,-1.64,-1.32,102.0,103.9,-1.9,88.8
1999,Boston Celtics,19.0,31.0,0.38,-1.86,-1.75,100.4,102.4,-2.0,91.5
1999,Cleveland Cavaliers,22.0,28.0,0.44,-1.72,-0.94,99.6,101.6,-2.0,86.4
1999,Washington Wizards,18.0,32.0,0.36,-2.24,-1.75,101.2,103.7,-2.5,89.8
1999,Dallas Mavericks,19.0,31.0,0.38,-2.4,-2.5,102.3,104.9,-2.6,89.0
1999,Golden State Warriors,21.0,29.0,0.42,-2.5,-2.63,98.4,101.1,-2.7,88.9
1999,New Jersey Nets,16.0,34.0,0.32,-3.78,-3.2,99.5,103.6,-4.1,91.5
1999,Denver Nuggets,14.0,36.0,0.28,-6.6,-6.67,103.1,110.4,-7.3,90.5
1999,Vancouver Grizzlies,8.0,42.0,0.16,-8.66,-8.94,98.4,107.9,-9.5,89.0
1999,Los Angeles Clippers,9.0,41.0,0.18,-8.82,-8.94,100.0,109.7,-9.7,89.5
1999,Chicago Bulls,13.0,37.0,0.26,-9.46,-8.58,92.4,103.0,-10.6,88.1
1999,League Average,,,,0.0,0.0,102.2,102.2,,88.9
2000,Los Angeles Lakers,67.0,15.0,0.8170731707317073,8.55,8.41,107.3,98.2,9.1,93.3
2000,Portland Trail Blazers,59.0,23.0,0.7195121951219512,6.4,6.36,107.9,100.8,7.1,89.9
2000,San Antonio Spurs,53.0,29.0,0.6463414634146342,5.94,5.92,105.0,98.6,6.4,90.8
2000,Phoenix Suns,53.0,29.0,0.6463414634146342,5.22,5.24,104.6,99.0,5.6,94.0
2000,Utah Jazz,55.0,27.0,0.6707317073170732,4.46,4.52,107.3,102.3,5.0,89.6
2000,Indiana Pacers,56.0,26.0,0.6829268292682927,4.6,4.15,108.5,103.6,4.9,93.1
2000,Miami Heat,52.0,30.0,0.6341463414634146,3.11,2.75,104.5,101.0,3.5,89.7
2000,Sacramento Kings,44.0,38.0,0.5365853658536586,2.91,3.04,105.0,102.1,2.9,99.3
2000,Charlotte Hornets,49.0,33.0,0.5975609756097561,2.67,2.33,104.3,101.4,2.9,93.9
2000,Minnesota Timberwolves,50.0,32.0,0.6097560975609756,2.52,2.67,106.1,103.4,2.7,91.8
2000,New York Knicks,50.0,32.0,0.6097560975609756,1.46,1.3,102.5,100.9,1.6,89.2
2000,Detroit Pistons,42.0,40.0,0.5121951219512195,1.44,1.13,107.3,105.8,1.5,95.7
2000,Philadelphia 76ers,49.0,33.0,0.5975609756097561,1.34,1.02,101.5,100.0,1.5,92.7
2000,Seattle SuperSonics,45.0,37.0,0.5487804878048781,0.95,1.17,105.6,104.6,1.0,93.4
2000,Orlando Magic,41.0,41.0,0.5,0.68,0.43,102.4,101.7,0.7,97.3
2000,Milwaukee Bucks,42.0,40.0,0.5121951219512195,0.22,-0.06,108.2,107.9,0.3,92.7
2000,Toronto Raptors,45.0,37.0,0.5487804878048781,-0.16,-0.46,104.7,104.9,-0.2,92.5
2000,Dallas Mavericks,40.0,42.0,0.4878048780487805,-0.57,-0.29,106.6,107.2,-0.6,94.9
2000,Boston Celtics,35.0,47.0,0.4268292682926829,-0.76,-1.0,104.8,105.6,-0.8,94.6
2000,Houston Rockets,34.0,48.0,0.4146341463414634,-0.87,-0.57,104.8,105.7,-0.9,94.2
2000,New Jersey Nets,31.0,51.0,0.3780487804878049,-1.04,-1.18,105.1,106.3,-1.2,92.5
2000,Denver Nuggets,35.0,47.0,0.4268292682926829,-2.12,-1.76,103.5,105.8,-2.3,94.7
2000,Washington Wizards,29.0,53.0,0.35365853658536583,-3.28,-3.47,103.5,107.0,-3.5,92.7
2000,Cleveland Cavaliers,32.0,50.0,0.3902439024390244,-3.5,-3.64,100.4,104.0,-3.6,95.7
2000,Atlanta Hawks,28.0,54.0,0.34146341463414637,-5.38,-5.41,102.0,107.9,-5.9,91.7
2000,Vancouver Grizzlies,22.0,60.0,0.2682926829268293,-5.62,-5.1,102.3,108.5,-6.2,91.0
2000,Golden State Warriors,19.0,63.0,0.23170731707317074,-8.27,-7.63,99.8,108.4,-8.6,95.4
2000,Chicago Bulls,17.0,65.0,0.2073170731707317,-9.4,-9.23,94.2,104.6,-10.4,89.4
2000,Los Angeles Clippers,15.0,67.0,0.18292682926829268,-11.52,-10.73,97.8,110.1,-12.3,93.9
2000,League Average,,,,0.0,0.0,104.1,104.1,,93.1
2001,San Antonio Spurs,58.0,24.0,0.7073170731707317,7.76,7.92,106.6,98.0,8.6,89.6
2001,Sacramento Kings,55.0,27.0,0.6707317073170732,5.82,6.07,105.6,99.6,6.0,94.4
2001,Utah Jazz,53.0,29.0,0.6463414634146342,4.7,5.0,107.6,102.4,5.2,89.8
2001,Philadelphia 76ers,56.0,26.0,0.6829268292682927,4.28,3.64,103.6,98.9,4.7,90.6
2001,Portland Trail Blazers,50.0,32.0,0.6097560975609756,4.2,4.52,106.5,101.8,4.7,89.1
2001,Dallas Mavericks,53.0,29.0,0.6463414634146342,4.28,4.61,107.1,102.6,4.5,93.2
2001,Milwaukee Bucks,52.0,30.0,0.6341463414634146,3.88,3.14,108.8,104.6,4.2,92.1
2001,Los Angeles Lakers,56.0,26.0,0.6829268292682927,3.38,3.74,108.4,104.8,3.6,91.7
2001,New York Knicks,48.0,34.0,0.5853658536585366,2.63,1.98,101.2,98.2,3.0,86.7
2001,Miami Heat,50.0,32.0,0.6097560975609756,2.29,1.73,101.1,98.5,2.6,87.1
2001,Toronto Raptors,47.0,35.0,0.573170731707317,2.26,1.69,105.9,103.4,2.5,90.9
2001,Houston Rockets,45.0,37.0,0.5487804878048781,2.29,2.71,106.7,104.2,2.5,90.4
2001,Charlotte Hornets,46.0,36.0,0.5609756097560976,2.1,1.45,101.8,99.5,2.3,89.4
2001,Phoenix Suns,51.0,31.0,0.6219512195121951,2.21,2.63,100.3,98.0,2.3,93.1
2001,Minnesota Timberwolves,47.0,35.0,0.573170731707317,1.35,1.81,105.2,103.7,1.5,91.8
2001,Orlando Magic,43.0,39.0,0.524390243902439,0.99,0.39,103.2,102.1,1.1,93.2
2001,Seattle SuperSonics,44.0,38.0,0.5365853658536586,0.02,0.55,105.6,105.6,0.0,91.6
2001,Indiana Pacers,41.0,41.0,0.5,-0.2,-0.77,102.0,102.2,-0.2,89.4
2001,Detroit Pistons,32.0,50.0,0.3902439024390244,-1.7,-2.08,100.0,101.8,-1.8,94.7
2001,Boston Celtics,36.0,46.0,0.43902439024390244,-2.13,-2.4,101.4,103.7,-2.3,92.6
2001,Denver Nuggets,40.0,42.0,0.4878048780487805,-2.46,-1.83,103.7,106.3,-2.6,92.6
2001,Los Angeles Clippers,31.0,51.0,0.3780487804878049,-2.89,-2.23,101.3,104.5,-3.2,89.6
2001,Cleveland Cavaliers,30.0,52.0,0.36585365853658536,-4.24,-4.48,100.3,104.9,-4.6,91.2
2001,New Jersey Nets,26.0,56.0,0.3170731707317073,-5.05,-5.3,100.0,105.5,-5.5,91.8
2001,Atlanta Hawks,25.0,57.0,0.3048780487804878,-5.21,-5.55,98.7,104.3,-5.6,91.9
2001,Vancouver Grizzlies,23.0,59.0,0.2804878048780488,-5.73,-4.94,99.6,105.8,-6.2,91.7
2001,Washington Wizards,19.0,63.0,0.23170731707317074,-6.67,-6.75,100.6,107.8,-7.2,92.7
2001,Golden State Warriors,17.0,65.0,0.2073170731707317,-9.05,-8.11,97.8,107.4,-9.6,94.1
2001,Chicago Bulls,15.0,67.0,0.18292682926829268,-9.1,-9.09,97.2,107.3,-10.1,89.3
2001,League Average,,,,0.0,0.0,103.0,103.0,,91.3
2002,Sacramento Kings,61.0,21.0,0.7439024390243902,7.61,7.61,109.0,101.1,7.9,95.6
2002,Los Angeles Lakers,58.0,24.0,0.7073170731707317,7.12,7.15,109.4,101.7,7.7,92.1
2002,San Antonio Spurs,58.0,24.0,0.7073170731707317,6.21,6.28,106.5,99.7,6.8,90.0
2002,New Jersey Nets,52.0,30.0,0.6341463414634146,4.16,3.67,104.0,99.5,4.5,91.8
2002,Dallas Mavericks,57.0,25.0,0.6951219512195121,4.26,4.41,112.2,107.7,4.5,92.8
2002,Minnesota Timberwolves,50.0,32.0,0.6097560975609756,3.38,3.58,109.0,105.3,3.7,90.5
2002,Portland Trail Blazers,49.0,33.0,0.5975609756097561,2.99,3.21,107.4,104.0,3.4,89.3
2002,Seattle SuperSonics,45.0,37.0,0.5487804878048781,3.02,3.24,108.9,105.6,3.3,89.0
2002,Boston Celtics,49.0,33.0,0.5975609756097561,2.21,1.75,103.4,101.0,2.4,92.5
2002,Detroit Pistons,50.0,32.0,0.6097560975609756,2.13,1.69,104.8,102.4,2.4,90.0
2002,Philadelphia 76ers,43.0,39.0,0.524390243902439,1.6,1.27,102.1,100.3,1.8,88.9
2002,Orlando Magic,44.0,38.0,0.5365853658536586,1.57,1.25,107.0,105.3,1.7,93.2
2002,Utah Jazz,44.0,38.0,0.5365853658536586,0.89,1.21,105.6,104.6,1.0,90.3
2002,Charlotte Hornets,44.0,38.0,0.5365853658536586,0.96,0.57,104.3,103.3,1.0,89.7
2002,Indiana Pacers,42.0,40.0,0.5121951219512195,0.27,-0.07,104.1,103.8,0.3,91.9
2002,Milwaukee Bucks,41.0,41.0,0.5,-0.22,-0.62,106.9,107.1,-0.2,90.2
2002,Los Angeles Clippers,39.0,43.0,0.47560975609756095,-0.46,-0.09,105.5,106.0,-0.5,90.1
2002,Toronto Raptors,42.0,40.0,0.5121951219512195,-0.44,-0.71,102.6,103.1,-0.5,88.8
2002,Phoenix Suns,36.0,46.0,0.43902439024390244,-0.68,-0.3,103.3,104.0,-0.7,91.4
2002,Washington Wizards,37.0,45.0,0.45121951219512196,-1.4,-1.58,104.8,106.4,-1.6,88.3
2002,Miami Heat,36.0,46.0,0.43902439024390244,-1.54,-1.84,98.5,100.2,-1.7,87.4
2002,Cleveland Cavaliers,29.0,53.0,0.35365853658536583,-3.33,-3.52,104.6,108.2,-3.6,90.3
2002,New York Knicks,30.0,52.0,0.36585365853658536,-3.99,-4.15,101.5,105.9,-4.4,89.7
2002,Atlanta Hawks,33.0,49.0,0.4024390243902439,-4.23,-4.41,101.8,106.4,-4.6,91.9
2002,Houston Rockets,28.0,54.0,0.34146341463414637,-4.89,-4.31,103.1,108.6,-5.5,88.2
2002,Golden State Warriors,21.0,61.0,0.25609756097560976,-5.4,-4.8,102.8,108.5,-5.7,94.5
2002,Denver Nuggets,27.0,55.0,0.32926829268292684,-5.82,-5.19,101.4,107.8,-6.4,90.4
2002,Memphis Grizzlies,23.0,59.0,0.2804878048780488,-7.44,-6.74,98.2,106.3,-8.1,91.1
2002,Chicago Bulls,21.0,61.0,0.25609756097560976,-8.54,-8.52,98.2,107.6,-9.4,90.5
2002,League Average,,,,0.0,0.0,104.5,104.5,,90.7
2003,Dallas Mavericks,60.0,22.0,0.7317073170731707,7.78,7.9,110.7,102.3,8.4,92.5
2003,Sacramento Kings,59.0,23.0,0.7195121951219512,6.5,6.68,105.9,99.1,6.8,95.4
2003,San Antonio Spurs,60.0,22.0,0.7317073170731707,5.41,5.65,105.6,99.7,5.9,90.0
2003,New Jersey Nets,49.0,33.0,0.5975609756097561,5.22,4.42,103.8,98.1,5.7,91.6
2003,Detroit Pistons,50.0,32.0,0.6097560975609756,3.68,2.97,104.1,99.9,4.2,86.8
2003,Indiana Pacers,48.0,34.0,0.5853658536585366,3.49,2.79,104.6,100.8,3.8,91.6
2003,Portland Trail Blazers,50.0,32.0,0.6097560975609756,2.61,2.97,105.5,102.6,2.9,89.4
2003,Utah Jazz,47.0,35.0,0.573170731707317,2.39,2.76,105.5,102.8,2.7,89.3
2003,Los Angeles Lakers,50.0,32.0,0.6097560975609756,2.33,2.71,107.2,104.7,2.5,92.5
2003,Philadelphia 76ers,48.0,34.0,0.5853658536585366,2.3,1.76,105.0,102.5,2.5,91.4
2003,Minnesota Timberwolves,51.0,31.0,0.6219512195121951,2.07,2.46,106.1,103.8,2.3,91.9
2003,New Orleans Hornets,47.0,35.0,0.573170731707317,2.11,1.52,103.9,101.6,2.3,89.4
2003,Houston Rockets,43.0,39.0,0.524390243902439,1.48,1.89,104.3,102.6,1.7,88.8
2003,Phoenix Suns,44.0,38.0,0.5365853658536586,1.13,1.57,103.7,102.5,1.2,91.5
2003,Orlando Magic,42.0,40.0,0.5121951219512195,0.13,-0.39,105.2,105.0,0.2,93.1
2003,Milwaukee Bucks,42.0,40.0,0.5121951219512195,0.23,-0.24,108.8,108.6,0.2,90.4
2003,Seattle SuperSonics,40.0,42.0,0.4878048780487805,-0.12,0.37,103.7,103.9,-0.2,88.0
2003,Boston Celtics,44.0,38.0,0.5365853658536586,-0.39,-0.75,101.2,101.6,-0.4,90.9
2003,Washington Wizards,37.0,45.0,0.45121951219512196,-1.01,-1.47,103.0,104.1,-1.1,88.2
2003,Golden State Warriors,38.0,44.0,0.4634146341463415,-1.13,-0.6,108.3,109.5,-1.2,94.2
2003,New York Knicks,37.0,45.0,0.45121951219512196,-1.35,-1.61,104.7,106.2,-1.5,90.7
2003,Memphis Grizzlies,28.0,54.0,0.34146341463414637,-3.23,-2.6,103.9,107.3,-3.4,92.7
2003,Atlanta Hawks,35.0,47.0,0.4268292682926829,-3.56,-3.87,102.3,106.1,-3.8,91.0
2003,Los Angeles Clippers,27.0,55.0,0.32926829268292684,-4.12,-3.45,102.3,106.8,-4.5,91.3
2003,Chicago Bulls,30.0,52.0,0.36585365853658536,-5.13,-5.31,100.2,105.6,-5.4,93.5
2003,Miami Heat,25.0,57.0,0.3048780487804878,-5.05,-5.13,96.7,102.4,-5.7,87.8
2003,Toronto Raptors,24.0,58.0,0.2926829268292683,-5.87,-6.1,100.5,107.0,-6.5,89.9
2003,Denver Nuggets,17.0,65.0,0.2073170731707317,-8.28,-7.41,92.2,101.3,-9.1,91.0
2003,Cleveland Cavaliers,17.0,65.0,0.2073170731707317,-9.62,-9.59,96.5,106.7,-10.2,94.0
2003,League Average,,,,0.0,0.0,103.6,103.6,,91.0
2004,San Antonio Spurs,57.0,25.0,0.6951219512195121,7.22,7.51,102.2,94.1,8.1,89.2
2004,Detroit Pistons,54.0,28.0,0.6585365853658537,5.84,5.04,102.0,95.4,6.6,87.9
2004,Indiana Pacers,61.0,21.0,0.7439024390243902,5.76,4.93,103.8,97.2,6.6,87.5
2004,Minnesota Timberwolves,58.0,24.0,0.7073170731707317,5.49,5.86,105.9,99.7,6.2,89.0
2004,Sacramento Kings,55.0,27.0,0.6707317073170732,5.01,5.41,110.3,104.9,5.4,92.8
2004,Dallas Mavericks,52.0,30.0,0.6341463414634146,4.44,4.86,112.1,107.4,4.7,93.2
2004,Los Angeles Lakers,56.0,26.0,0.6829268292682927,3.9,4.35,105.5,101.3,4.2,92.3
2004,New Jersey Nets,47.0,35.0,0.573170731707317,2.5,1.88,100.8,98.0,2.8,89.4
2004,Memphis Grizzlies,50.0,32.0,0.6097560975609756,2.44,2.95,104.8,102.2,2.6,91.4
2004,Houston Rockets,45.0,37.0,0.5487804878048781,1.73,2.28,100.9,99.0,1.9,87.8
2004,Denver Nuggets,43.0,39.0,0.524390243902439,1.07,1.65,103.9,102.7,1.2,93.3
2004,Milwaukee Bucks,41.0,41.0,0.5,1.06,0.42,106.5,105.4,1.1,91.6
2004,Miami Heat,42.0,40.0,0.5121951219512195,0.52,-0.13,102.2,101.7,0.5,88.0
2004,New Orleans Hornets,41.0,41.0,0.5,-0.1,-0.72,102.3,102.4,-0.1,89.1
2004,Seattle SuperSonics,37.0,45.0,0.45121951219512196,-0.63,0.02,107.3,108.0,-0.7,89.9
2004,Golden State Warriors,37.0,45.0,0.45121951219512196,-0.73,-0.07,103.0,103.8,-0.8,89.8
2004,Portland Trail Blazers,41.0,41.0,0.5,-1.27,-0.58,103.7,105.1,-1.4,86.2
2004,Utah Jazz,42.0,40.0,0.5121951219512195,-1.22,-0.53,101.9,103.3,-1.4,86.6
2004,Boston Celtics,36.0,46.0,0.43902439024390244,-1.45,-1.99,102.1,103.7,-1.6,93.2
2004,New York Knicks,39.0,43.0,0.47560975609756095,-1.48,-1.97,101.7,103.3,-1.6,89.5
2004,Philadelphia 76ers,33.0,49.0,0.4024390243902439,-2.49,-2.95,99.1,101.9,-2.8,88.0
2004,Cleveland Cavaliers,35.0,47.0,0.4268292682926829,-2.62,-3.07,101.4,104.2,-2.8,90.8
2004,Toronto Raptors,33.0,49.0,0.4024390243902439,-3.01,-3.42,97.0,100.4,-3.4,86.8
2004,Phoenix Suns,29.0,53.0,0.35365853658536583,-3.74,-2.94,101.4,105.5,-4.1,92.6
2004,Los Angeles Clippers,28.0,54.0,0.34146341463414637,-4.59,-3.74,103.5,108.5,-5.0,91.0
2004,Atlanta Hawks,28.0,54.0,0.34146341463414637,-4.65,-5.0,101.0,106.1,-5.1,90.8
2004,Washington Wizards,25.0,57.0,0.3048780487804878,-5.63,-6.12,98.8,104.8,-6.0,92.2
2004,Chicago Bulls,23.0,59.0,0.2804878048780488,-6.35,-6.69,96.6,103.4,-6.8,92.2
2004,Orlando Magic,21.0,61.0,0.25609756097560976,-7.02,-7.25,102.7,110.4,-7.7,90.8
2004,League Average,,,,0.0,0.0,102.9,102.9,,90.1
2005,San Antonio Spurs,59.0,23.0,0.7195121951219512,7.8,7.84,107.5,98.8,8.7,88.9
2005,Phoenix Suns,62.0,20.0,0.7560975609756098,7.12,7.08,114.5,107.1,7.4,95.9
2005,Miami Heat,59.0,23.0,0.7195121951219512,6.52,5.77,110.2,103.1,7.1,90.8
2005,Dallas Mavericks,58.0,24.0,0.7073170731707317,5.74,5.86,110.3,104.1,6.2,92.7
2005,Houston Rockets,51.0,31.0,0.6219512195121951,4.04,4.27,106.2,101.7,4.5,88.8
2005,Detroit Pistons,54.0,28.0,0.6585365853658537,3.87,3.31,105.6,101.2,4.4,87.2
2005,Seattle SuperSonics,52.0,30.0,0.6341463414634146,2.29,2.59,112.2,109.6,2.6,87.9
2005,Memphis Grizzlies,45.0,37.0,0.5487804878048781,2.29,2.64,105.5,102.9,2.6,88.5
2005,Sacramento Kings,50.0,32.0,0.6097560975609756,2.16,2.56,110.5,108.2,2.3,93.0
2005,Denver Nuggets,49.0,33.0,0.5975609756097561,2.02,2.23,106.0,103.9,2.1,93.5
2005,Minnesota Timberwolves,44.0,38.0,0.5365853658536586,1.45,1.73,108.2,106.6,1.6,89.1
2005,Chicago Bulls,47.0,35.0,0.573170731707317,1.06,0.65,101.4,100.3,1.1,92.4
2005,Boston Celtics,45.0,37.0,0.5487804878048781,0.87,0.35,107.5,106.6,0.9,93.3
2005,Cleveland Cavaliers,42.0,40.0,0.5121951219512195,0.79,0.27,106.6,105.7,0.9,89.7
2005,Indiana Pacers,44.0,38.0,0.5365853658536586,0.76,0.49,105.5,104.6,0.9,87.2
2005,Washington Wizards,45.0,37.0,0.5487804878048781,-0.33,-0.71,107.2,107.5,-0.3,93.3
2005,Philadelphia 76ers,43.0,39.0,0.524390243902439,-0.74,-1.07,103.5,104.3,-0.8,94.9
2005,Los Angeles Clippers,37.0,45.0,0.45121951219512196,-0.77,-0.47,105.5,106.4,-0.9,89.1
2005,New Jersey Nets,42.0,40.0,0.5121951219512195,-1.5,-1.82,101.4,103.1,-1.7,89.1
2005,Toronto Raptors,33.0,49.0,0.4024390243902439,-1.62,-1.81,106.9,108.7,-1.8,92.7
2005,Golden State Warriors,34.0,48.0,0.4146341463414634,-2.16,-1.74,104.7,106.9,-2.2,93.3
2005,Orlando Magic,36.0,46.0,0.43902439024390244,-2.24,-2.52,104.9,107.3,-2.4,94.7
2005,New York Knicks,33.0,49.0,0.4024390243902439,-2.44,-2.72,106.2,108.9,-2.7,90.7
2005,Milwaukee Bucks,30.0,52.0,0.36585365853658536,-2.99,-3.09,106.6,109.8,-3.2,90.8
2005,Los Angeles Lakers,34.0,48.0,0.4146341463414634,-2.96,-2.32,108.1,111.4,-3.3,90.8
2005,Portland Trail Blazers,27.0,55.0,0.32926829268292684,-4.0,-3.45,103.2,107.7,-4.5,89.8
2005,Utah Jazz,26.0,56.0,0.3170731707317073,-4.27,-3.74,104.7,109.5,-4.8,88.4
2005,Charlotte Bobcats,18.0,64.0,0.21951219512195122,-5.99,-6.15,101.1,107.5,-6.4,92.3
2005,New Orleans Hornets,18.0,64.0,0.21951219512195122,-7.07,-6.3,99.7,107.7,-8.0,87.6
2005,Atlanta Hawks,13.0,69.0,0.15853658536585366,-9.71,-9.62,100.6,111.1,-10.5,91.4
2005,League Average,,,,0.0,0.0,106.1,106.1,,90.9
2006,San Antonio Spurs,63.0,19.0,0.7682926829268293,6.82,6.69,107.3,99.6,7.7,88.5
2006,Detroit Pistons,64.0,18.0,0.7804878048780488,6.67,6.24,110.8,103.1,7.7,86.8
2006,Dallas Mavericks,60.0,22.0,0.7317073170731707,6.07,5.96,111.8,105.0,6.8,87.8
2006,Phoenix Suns,54.0,28.0,0.6585365853658537,5.55,5.48,111.5,105.8,5.7,95.8
2006,Memphis Grizzlies,49.0,33.0,0.5975609756097561,3.7,3.74,105.9,101.6,4.3,86.3
2006,Miami Heat,52.0,30.0,0.6341463414634146,3.87,3.59,108.7,104.5,4.2,91.6
2006,Los Angeles Lakers,45.0,37.0,0.5487804878048781,2.5,2.53,108.4,105.7,2.7,90.9
2006,Cleveland Cavaliers,50.0,32.0,0.6097560975609756,2.23,2.17,107.8,105.4,2.4,89.8
2006,Indiana Pacers,41.0,41.0,0.5,1.89,1.62,104.5,102.4,2.1,89.7
2006,Washington Wizards,42.0,40.0,0.5121951219512195,1.85,1.57,109.3,107.3,2.0,92.3
2006,Sacramento Kings,44.0,38.0,0.5365853658536586,1.54,1.61,106.7,105.0,1.7,91.9
2006,Los Angeles Clippers,47.0,35.0,0.573170731707317,1.57,1.75,105.3,103.6,1.7,91.7
2006,New Jersey Nets,49.0,33.0,0.5975609756097561,1.37,1.11,103.9,102.4,1.5,89.8
2006,Chicago Bulls,41.0,41.0,0.5,0.63,0.51,104.0,103.4,0.6,92.9
2006,Denver Nuggets,44.0,38.0,0.5365853658536586,0.23,0.36,105.5,105.2,0.3,93.9
2006,Milwaukee Bucks,40.0,42.0,0.4878048780487805,-1.04,-1.07,106.3,107.4,-1.1,91.2
2006,Orlando Magic,36.0,46.0,0.43902439024390244,-1.07,-1.26,106.3,107.5,-1.2,88.3
2006,Golden State Warriors,34.0,48.0,0.4146341463414634,-1.35,-1.11,104.8,106.2,-1.4,93.3
2006,Houston Rockets,34.0,48.0,0.4146341463414634,-1.59,-1.3,101.6,103.3,-1.7,88.0
2006,Boston Celtics,33.0,49.0,0.4024390243902439,-1.54,-1.59,105.2,106.9,-1.7,92.2
2006,Minnesota Timberwolves,33.0,49.0,0.4024390243902439,-1.88,-1.75,102.4,104.5,-2.1,88.8
2006,Philadelphia 76ers,38.0,44.0,0.4634146341463415,-1.95,-2.1,106.0,108.1,-2.1,92.7
2006,Utah Jazz,41.0,41.0,0.5,-2.63,-2.49,104.1,107.0,-2.9,87.8
2006,New Orleans/Oklahoma City Hornets,38.0,44.0,0.4634146341463415,-2.82,-2.51,103.7,106.8,-3.1,89.0
2006,Toronto Raptors,27.0,55.0,0.32926829268292684,-2.99,-3.03,109.5,112.7,-3.2,91.1
2006,Seattle SuperSonics,35.0,47.0,0.4268292682926829,-3.02,-2.88,111.1,114.4,-3.3,91.6
2006,Charlotte Bobcats,26.0,56.0,0.3170731707317073,-4.0,-3.9,102.5,106.7,-4.2,93.4
2006,Atlanta Hawks,26.0,56.0,0.3170731707317073,-4.76,-4.69,106.4,111.6,-5.2,90.4
2006,New York Knicks,23.0,59.0,0.2804878048780488,-6.4,-6.3,104.0,111.0,-7.0,90.8
2006,Portland Trail Blazers,21.0,61.0,0.25609756097560976,-9.45,-8.91,101.1,111.9,-10.8,87.6
2006,League Average,,,,0.0,0.0,106.2,106.2,,90.5
2007,San Antonio Spurs,58.0,24.0,0.7073170731707317,8.43,8.35,109.2,99.9,9.3,89.8
2007,Dallas Mavericks,67.0,15.0,0.8170731707317073,7.22,7.28,111.3,103.2,8.1,89.5
2007,Phoenix Suns,61.0,21.0,0.7439024390243902,7.3,7.28,113.9,106.4,7.5,95.6
2007,Chicago Bulls,49.0,33.0,0.5975609756097561,5.01,4.52,104.9,99.6,5.3,93.6
2007,Houston Rockets,52.0,30.0,0.6341463414634146,4.85,5.04,106.0,100.7,5.3,90.7
2007,Detroit Pistons,53.0,29.0,0.6463414634146342,4.16,3.69,108.9,104.2,4.7,87.3
2007,Cleveland Cavaliers,50.0,32.0,0.6097560975609756,3.83,3.33,105.5,101.3,4.2,90.8
2007,Utah Jazz,51.0,31.0,0.6219512195121951,2.87,3.06,110.1,107.0,3.1,91.6
2007,Denver Nuggets,45.0,37.0,0.5487804878048781,1.62,1.69,107.6,105.9,1.7,97.4
2007,Toronto Raptors,47.0,35.0,0.573170731707317,0.99,0.61,107.0,106.0,1.0,92.6
2007,Orlando Magic,40.0,42.0,0.4878048780487805,0.78,0.35,104.9,104.1,0.8,89.9
2007,Los Angeles Lakers,42.0,40.0,0.5121951219512195,-0.07,0.24,108.6,108.6,0.0,93.5
2007,Golden State Warriors,42.0,40.0,0.5121951219512195,-0.34,0.0,107.0,107.4,-0.4,99.2
2007,Washington Wizards,41.0,41.0,0.5,-0.51,-0.8,110.1,110.6,-0.5,94.1
2007,Los Angeles Clippers,40.0,42.0,0.4878048780487805,-0.46,-0.07,105.1,105.6,-0.5,90.8
2007,New Jersey Nets,41.0,41.0,0.5,-0.77,-1.0,105.7,106.6,-0.9,91.4
2007,Miami Heat,44.0,38.0,0.5365853658536586,-0.91,-1.21,104.3,105.3,-1.0,89.9
2007,New Orleans/Oklahoma City Hornets,39.0,43.0,0.47560975609756095,-1.57,-1.19,104.8,106.5,-1.7,90.2
2007,Sacramento Kings,33.0,49.0,0.4024390243902439,-1.8,-1.35,106.2,108.0,-1.8,94.8
2007,Indiana Pacers,35.0,47.0,0.4268292682926829,-2.44,-2.62,102.9,105.5,-2.6,92.4
2007,Seattle SuperSonics,31.0,51.0,0.3780487804878049,-2.89,-2.45,107.2,110.3,-3.1,91.8
2007,New York Knicks,33.0,49.0,0.4024390243902439,-2.85,-3.06,105.7,108.8,-3.1,90.8
2007,Philadelphia 76ers,35.0,47.0,0.4268292682926829,-3.02,-3.26,103.6,106.9,-3.3,90.7
2007,Boston Celtics,24.0,58.0,0.2926829268292683,-3.41,-3.7,103.2,106.9,-3.7,92.0
2007,Minnesota Timberwolves,32.0,50.0,0.3902439024390244,-3.67,-3.16,103.9,107.9,-4.0,91.0
2007,Charlotte Bobcats,33.0,49.0,0.4024390243902439,-3.74,-3.97,103.6,107.6,-4.0,92.0
2007,Milwaukee Bucks,28.0,54.0,0.34146341463414637,-4.38,-4.43,107.0,111.7,-4.7,92.3
2007,Portland Trail Blazers,32.0,50.0,0.3902439024390244,-4.29,-3.78,105.1,109.9,-4.8,88.3
2007,Atlanta Hawks,30.0,52.0,0.36585365853658536,-4.76,-4.86,103.0,108.3,-5.3,90.0
2007,Memphis Grizzlies,22.0,60.0,0.2682926829268293,-5.15,-4.44,106.9,112.3,-5.4,93.6
2007,League Average,,,,0.0,0.0,106.5,106.5,,91.9
2008,Boston Celtics,66.0,16.0,0.8048780487804879,10.26,9.3,110.2,98.9,11.3,90.9
2008,Detroit Pistons,59.0,23.0,0.7195121951219512,7.39,6.67,111.4,102.9,8.5,87.3
2008,Los Angeles Lakers,57.0,25.0,0.6951219512195121,7.26,7.34,113.0,105.5,7.5,95.6
2008,Utah Jazz,54.0,28.0,0.6585365853658537,6.88,6.86,113.8,106.5,7.3,93.2
2008,Orlando Magic,52.0,30.0,0.6341463414634146,5.46,4.79,111.3,105.5,5.8,93.4
2008,New Orleans Hornets,56.0,26.0,0.6829268292682927,5.28,5.46,111.5,105.7,5.8,89.9
2008,San Antonio Spurs,56.0,26.0,0.6829268292682927,4.79,5.1,107.2,101.8,5.4,88.8
2008,Houston Rockets,55.0,27.0,0.6707317073170732,4.68,4.83,106.8,101.6,5.2,90.4
2008,Phoenix Suns,55.0,27.0,0.6707317073170732,5.05,5.14,113.3,108.1,5.2,96.7
2008,Dallas Mavericks,51.0,31.0,0.6219512195121951,4.54,4.7,111.1,106.1,5.0,90.2
2008,Denver Nuggets,50.0,32.0,0.6097560975609756,3.71,3.74,110.0,106.3,3.7,99.7
2008,Toronto Raptors,41.0,41.0,0.5,2.9,2.47,110.2,107.0,3.2,90.2
2008,Golden State Warriors,48.0,34.0,0.5853658536585366,2.21,2.38,111.8,109.5,2.3,98.8
2008,Philadelphia 76ers,40.0,42.0,0.4878048780487805,0.41,0.19,106.4,106.0,0.4,90.4
2008,Washington Wizards,43.0,39.0,0.524390243902439,-0.33,-0.61,109.2,109.6,-0.4,89.5
2008,Cleveland Cavaliers,45.0,37.0,0.5487804878048781,-0.35,-0.53,106.0,106.4,-0.4,90.2
2008,Portland Trail Blazers,41.0,41.0,0.5,-0.98,-0.52,107.3,108.4,-1.1,87.9
2008,Indiana Pacers,36.0,46.0,0.43902439024390244,-1.4,-1.87,106.0,107.5,-1.5,97.7
2008,Atlanta Hawks,37.0,45.0,0.45121951219512196,-1.82,-2.23,106.9,108.9,-2.0,91.1
2008,Sacramento Kings,38.0,44.0,0.4634146341463415,-2.26,-1.86,107.5,109.9,-2.4,94.7
2008,Chicago Bulls,33.0,49.0,0.4024390243902439,-3.09,-3.19,103.9,107.2,-3.3,93.0
2008,Charlotte Bobcats,32.0,50.0,0.3902439024390244,-4.38,-4.49,104.6,109.4,-4.8,91.8
2008,New Jersey Nets,34.0,48.0,0.4146341463414634,-5.06,-5.15,104.0,109.4,-5.4,91.5
2008,Memphis Grizzlies,22.0,60.0,0.2682926829268293,-6.21,-5.76,105.0,111.4,-6.4,95.3
2008,New York Knicks,23.0,59.0,0.2804878048780488,-6.61,-6.55,104.7,111.9,-7.2,91.6
2008,Minnesota Timberwolves,22.0,60.0,0.2682926829268293,-6.78,-6.26,103.8,111.2,-7.4,91.9
2008,Milwaukee Bucks,26.0,56.0,0.3170731707317073,-6.89,-6.92,105.3,112.8,-7.5,91.3
2008,Los Angeles Clippers,23.0,59.0,0.2804878048780488,-7.27,-6.56,101.2,109.1,-7.9,92.1
2008,Seattle SuperSonics,20.0,62.0,0.24390243902439024,-8.76,-8.04,100.5,109.5,-9.0,96.3
2008,Miami Heat,15.0,67.0,0.18292682926829268,-8.65,-8.53,100.5,110.0,-9.5,90.2
2008,League Average,,,,0.0,0.0,107.5,107.5,,92.4
2009,Cleveland Cavaliers,66.0,16.0,0.8048780487804879,8.93,8.68,112.4,102.4,10.0,88.7
2009,Boston Celtics,62.0,20.0,0.7560975609756098,7.51,7.44,110.5,102.3,8.2,90.4
2009,Los Angeles Lakers,65.0,17.0,0.7926829268292683,7.66,7.11,112.8,104.7,8.1,94.3
2009,Orlando Magic,59.0,23.0,0.7195121951219512,6.7,6.48,109.2,101.9,7.3,92.3
2009,Portland Trail Blazers,54.0,28.0,0.6585365853658537,5.34,5.0,113.9,107.8,6.1,86.6
2009,Houston Rockets,53.0,29.0,0.6463414634146342,4.0,3.73,108.4,104.0,4.4,90.2
2009,San Antonio Spurs,54.0,28.0,0.6585365853658537,3.76,3.36,108.5,104.3,4.2,88.4
2009,Denver Nuggets,54.0,28.0,0.6585365853658537,3.41,3.13,110.4,106.8,3.6,94.3
2009,Utah Jazz,48.0,34.0,0.5853658536585366,2.65,2.31,110.1,107.3,2.8,93.1
2009,Dallas Mavericks,50.0,32.0,0.6097560975609756,1.98,1.68,110.5,108.4,2.1,91.5
2009,Phoenix Suns,46.0,36.0,0.5609756097560976,1.93,1.62,113.6,111.6,2.0,96.0
2009,Atlanta Hawks,47.0,35.0,0.573170731707317,1.57,1.7,109.3,107.6,1.7,89.6
2009,New Orleans Hornets,49.0,33.0,0.5975609756097561,1.55,1.41,108.7,107.0,1.7,87.8
2009,Miami Heat,43.0,39.0,0.524390243902439,0.26,0.49,107.8,107.6,0.2,89.9
2009,Philadelphia 76ers,41.0,41.0,0.5,0.07,0.16,107.9,107.8,0.1,90.0
2009,Chicago Bulls,41.0,41.0,0.5,-0.28,-0.16,108.4,108.7,-0.3,93.1
2009,Detroit Pistons,39.0,43.0,0.47560975609756095,-0.49,-0.36,107.4,108.0,-0.6,86.7
2009,Indiana Pacers,36.0,46.0,0.43902439024390244,-1.11,-0.76,108.1,109.2,-1.1,96.5
2009,Milwaukee Bucks,34.0,48.0,0.4146341463414634,-1.09,-0.88,106.7,107.9,-1.2,92.6
2009,Charlotte Bobcats,35.0,47.0,0.4268292682926829,-1.27,-1.2,104.7,106.1,-1.4,88.3
2009,New York Knicks,32.0,50.0,0.3902439024390244,-2.61,-2.33,108.1,110.8,-2.7,96.7
2009,New Jersey Nets,34.0,48.0,0.4146341463414634,-2.44,-2.31,108.3,111.0,-2.7,89.9
2009,Toronto Raptors,33.0,49.0,0.4024390243902439,-2.82,-2.54,107.0,110.0,-3.0,92.0
2009,Golden State Warriors,29.0,53.0,0.35365853658536583,-3.74,-3.8,109.5,113.3,-3.8,98.2
2009,Minnesota Timberwolves,24.0,58.0,0.2926829268292683,-4.91,-4.74,106.1,111.4,-5.3,91.6
2009,Memphis Grizzlies,24.0,58.0,0.2926829268292683,-5.46,-5.23,103.5,109.5,-6.0,90.1
2009,Oklahoma City Thunder,23.0,59.0,0.2804878048780488,-6.1,-6.04,102.9,109.4,-6.5,93.6
2009,Washington Wizards,19.0,63.0,0.23170731707317074,-7.46,-6.98,105.4,113.6,-8.2,91.0
2009,Sacramento Kings,17.0,65.0,0.2073170731707317,-8.76,-8.6,105.5,114.7,-9.2,94.2
2009,Los Angeles Clippers,19.0,63.0,0.23170731707317074,-8.77,-8.47,102.3,111.7,-9.4,92.1
2009,League Average,,,,0.0,0.0,108.3,108.3,,91.7
2010,Orlando Magic,59.0,23.0,0.7195121951219512,7.49,7.12,111.4,103.3,8.1,92.0
2010,Cleveland Cavaliers,61.0,21.0,0.7439024390243902,6.52,6.17,111.2,104.1,7.1,91.4
2010,Utah Jazz,53.0,29.0,0.6463414634146342,5.34,5.33,110.7,105.0,5.7,93.8
2010,San Antonio Spurs,50.0,32.0,0.6097560975609756,5.09,5.07,110.0,104.5,5.5,91.7
2010,Atlanta Hawks,53.0,29.0,0.6463414634146342,4.66,4.44,111.9,106.7,5.2,90.1
2010,Phoenix Suns,54.0,28.0,0.6585365853658537,4.9,4.67,115.3,110.2,5.1,95.3
2010,Los Angeles Lakers,57.0,25.0,0.6951219512195121,4.72,4.78,108.8,103.7,5.1,92.8
2010,Denver Nuggets,53.0,29.0,0.6463414634146342,4.09,4.15,111.8,107.5,4.3,94.8
2010,Boston Celtics,50.0,32.0,0.6097560975609756,3.66,3.37,107.7,103.8,3.9,91.6
2010,Portland Trail Blazers,50.0,32.0,0.6097560975609756,3.3,3.18,110.8,107.1,3.7,87.7
2010,Oklahoma City Thunder,50.0,32.0,0.6097560975609756,3.49,3.55,108.3,104.6,3.7,93.1
2010,Dallas Mavericks,55.0,27.0,0.6707317073170732,2.72,2.66,109.2,106.3,2.9,92.5
2010,Miami Heat,47.0,35.0,0.573170731707317,2.28,1.99,106.6,104.1,2.5,89.6
2010,Milwaukee Bucks,46.0,36.0,0.5609756097560976,1.7,1.37,104.9,103.1,1.8,91.7
2010,Charlotte Bobcats,44.0,38.0,0.5365853658536586,1.46,1.3,104.4,102.8,1.6,90.4
2010,Houston Rockets,42.0,40.0,0.5121951219512195,-0.37,-0.02,107.6,108.0,-0.4,94.0
2010,Memphis Grizzlies,40.0,42.0,0.4878048780487805,-1.51,-1.39,108.3,109.9,-1.6,93.6
2010,Chicago Bulls,41.0,41.0,0.5,-1.63,-1.64,103.5,105.3,-1.8,93.1
2010,Toronto Raptors,40.0,42.0,0.4878048780487805,-1.78,-1.83,111.3,113.2,-1.9,93.1
2010,New Orleans Hornets,37.0,45.0,0.45121951219512196,-2.46,-2.27,107.4,110.1,-2.7,92.6
2010,Indiana Pacers,32.0,50.0,0.3902439024390244,-3.01,-3.11,103.7,106.8,-3.1,97.1
2010,Golden State Warriors,26.0,56.0,0.3170731707317073,-3.6,-3.28,108.1,111.7,-3.6,100.4
2010,New York Knicks,29.0,53.0,0.35365853658536583,-3.82,-4.01,107.6,111.6,-4.0,94.0
2010,Philadelphia 76ers,27.0,55.0,0.32926829268292684,-3.9,-3.93,106.1,110.3,-4.2,91.6
2010,Sacramento Kings,25.0,57.0,0.3048780487804878,-4.37,-4.06,105.3,109.9,-4.6,94.0
2010,Washington Wizards,26.0,56.0,0.3170731707317073,-4.78,-4.72,104.2,109.4,-5.2,91.6
2010,Detroit Pistons,27.0,55.0,0.32926829268292684,-5.11,-5.02,105.6,111.4,-5.8,88.5
2010,Los Angeles Clippers,29.0,53.0,0.35365853658536583,-6.35,-6.01,103.3,110.1,-6.8,92.6
2010,Minnesota Timberwolves,15.0,67.0,0.18292682926829268,-9.6,-9.06,101.7,111.6,-9.9,96.1
2010,New Jersey Nets,12.0,70.0,0.14634146341463414,-9.12,-8.93,100.6,110.5,-9.9,91.4
2010,League Average,,,,0.0,-0.01,107.6,107.6,,92.7
2011,Miami Heat,58.0,24.0,0.7073170731707317,7.46,6.76,111.7,103.5,8.2,90.9
2011,Chicago Bulls,62.0,20.0,0.7560975609756098,7.32,6.53,108.3,100.3,8.0,90.4
2011,Los Angeles Lakers,57.0,25.0,0.6951219512195121,6.11,6.01,111.0,104.3,6.7,90.7
2011,San Antonio Spurs,61.0,21.0,0.7439024390243902,5.71,5.86,111.8,105.6,6.2,92.3
2011,Boston Celtics,56.0,26.0,0.6829268292682927,5.37,4.83,106.2,100.3,5.9,90.4
2011,Orlando Magic,52.0,30.0,0.6341463414634146,5.46,4.92,107.9,102.0,5.9,91.2
2011,Denver Nuggets,50.0,32.0,0.6097560975609756,4.76,4.81,112.3,107.3,5.0,95.6
2011,Dallas Mavericks,57.0,25.0,0.6951219512195121,4.23,4.41,109.7,105.0,4.7,91.3
2011,Oklahoma City Thunder,55.0,27.0,0.6707317073170732,3.79,3.81,111.2,107.2,4.0,92.7
2011,Memphis Grizzlies,46.0,36.0,0.5609756097560976,2.34,2.55,107.6,105.1,2.5,91.9
2011,Houston Rockets,43.0,39.0,0.524390243902439,2.18,2.37,111.3,109.0,2.3,94.2
2011,Portland Trail Blazers,48.0,34.0,0.5853658536585366,1.52,1.85,108.8,107.1,1.7,87.9
2011,Philadelphia 76ers,41.0,41.0,0.5,1.5,1.01,106.6,105.0,1.6,91.7
2011,New Orleans Hornets,46.0,36.0,0.5609756097560976,0.89,1.28,106.2,105.2,1.0,88.7
2011,New York Knicks,42.0,40.0,0.5121951219512195,0.78,0.48,110.9,110.1,0.8,95.6
2011,Milwaukee Bucks,35.0,47.0,0.4268292682926829,-0.84,-1.02,101.6,102.5,-0.9,89.8
2011,Phoenix Suns,40.0,42.0,0.4878048780487805,-0.89,-0.46,109.5,110.4,-0.9,94.4
2011,Atlanta Hawks,44.0,38.0,0.5365853658536586,-0.82,-1.1,106.1,107.0,-0.9,89.3
2011,Indiana Pacers,37.0,45.0,0.45121951219512196,-1.07,-1.38,104.8,106.0,-1.2,94.7
2011,Utah Jazz,39.0,43.0,0.47560975609756095,-1.83,-1.44,108.1,110.1,-2.0,91.0
2011,Golden State Warriors,36.0,46.0,0.43902439024390244,-2.33,-2.0,108.2,110.7,-2.5,94.8
2011,Los Angeles Clippers,32.0,50.0,0.3902439024390244,-3.13,-2.71,105.3,108.7,-3.4,92.8
2011,Detroit Pistons,30.0,52.0,0.36585365853658536,-3.6,-3.78,107.7,111.7,-4.0,89.2
2011,Charlotte Bobcats,34.0,48.0,0.4146341463414634,-4.0,-4.08,103.4,107.8,-4.4,89.6
2011,Sacramento Kings,24.0,58.0,0.2926829268292683,-5.34,-4.8,103.5,109.0,-5.5,95.2
2011,New Jersey Nets,24.0,58.0,0.2926829268292683,-6.24,-6.28,103.1,109.9,-6.8,89.9
2011,Toronto Raptors,22.0,60.0,0.2682926829268293,-6.28,-6.28,106.1,112.9,-6.8,92.9
2011,Minnesota Timberwolves,17.0,65.0,0.2073170731707317,-6.63,-5.97,104.2,111.1,-6.9,96.5
2011,Washington Wizards,23.0,59.0,0.2804878048780488,-7.4,-7.3,102.4,110.2,-7.8,93.8
2011,Cleveland Cavaliers,19.0,63.0,0.23170731707317074,-9.01,-8.88,102.2,111.8,-9.6,93.0
2011,League Average,,,,0.0,0.0,107.3,107.3,,92.1
2012,Chicago Bulls,50.0,16.0,0.7575757575757576,8.18,7.43,107.4,98.3,9.1,89.1
2012,San Antonio Spurs,50.0,16.0,0.7575757575757576,7.17,7.28,110.9,103.2,7.7,92.9
2012,Oklahoma City Thunder,47.0,19.0,0.7121212121212122,6.12,6.44,109.8,103.2,6.6,93.0
2012,Miami Heat,46.0,20.0,0.696969696969697,5.98,5.72,106.6,100.2,6.4,91.2
2012,Philadelphia 76ers,35.0,31.0,0.5303030303030303,4.24,3.59,103.9,99.2,4.7,89.7
2012,Atlanta Hawks,40.0,26.0,0.6060606060606061,3.44,2.67,104.9,101.2,3.7,90.2
2012,Indiana Pacers,42.0,24.0,0.6363636363636364,3.3,2.6,106.7,103.1,3.6,90.7
2012,New York Knicks,36.0,30.0,0.5454545454545454,3.2,2.39,104.4,101.0,3.4,93.2
2012,Denver Nuggets,38.0,28.0,0.5757575757575758,2.88,3.16,109.2,106.2,3.0,94.2
2012,Boston Celtics,39.0,27.0,0.5909090909090909,2.52,2.26,101.0,98.2,2.8,90.4
2012,Los Angeles Clippers,40.0,26.0,0.6060606060606061,2.56,2.82,108.5,105.7,2.8,89.2
2012,Memphis Grizzlies,41.0,25.0,0.6212121212121212,2.02,2.43,104.0,101.8,2.2,90.8
2012,Los Angeles Lakers,41.0,25.0,0.6212121212121212,1.42,1.96,106.0,104.4,1.6,90.5
2012,Dallas Mavericks,36.0,30.0,0.5454545454545454,0.95,1.78,103.3,102.3,1.0,91.4
2012,Orlando Magic,37.0,29.0,0.5606060606060606,0.79,0.46,105.0,104.1,0.9,89.0
2012,Utah Jazz,36.0,30.0,0.5454545454545454,0.62,0.92,106.8,106.1,0.7,91.4
2012,Milwaukee Bucks,31.0,35.0,0.4696969696969697,0.27,-0.23,105.5,105.2,0.3,93.7
2012,Houston Rockets,34.0,32.0,0.5151515151515151,0.23,0.57,105.5,105.2,0.3,91.7
2012,Phoenix Suns,33.0,33.0,0.5,-0.24,0.29,106.2,106.5,-0.3,92.6
2012,Portland Trail Blazers,28.0,38.0,0.42424242424242425,-0.62,-0.22,105.7,106.4,-0.7,91.2
2012,Minnesota Timberwolves,26.0,40.0,0.3939393939393939,-2.2,-1.83,104.3,106.6,-2.3,93.3
2012,Golden State Warriors,23.0,43.0,0.3484848484848485,-3.41,-2.79,105.4,109.1,-3.7,92.3
2012,Toronto Raptors,23.0,43.0,0.3484848484848485,-3.3,-3.67,100.8,104.5,-3.7,89.3
2012,New Orleans Hornets,21.0,45.0,0.3181818181818182,-3.76,-3.11,100.9,105.1,-4.2,88.3
2012,Washington Wizards,20.0,46.0,0.30303030303030304,-4.8,-5.14,101.0,106.2,-5.2,92.5
2012,Detroit Pistons,25.0,41.0,0.3787878787878788,-4.79,-5.19,101.0,106.3,-5.3,89.2
2012,Sacramento Kings,22.0,44.0,0.3333333333333333,-5.68,-4.95,103.8,109.8,-6.0,94.7
2012,New Jersey Nets,22.0,44.0,0.3333333333333333,-5.98,-6.37,102.9,109.6,-6.7,90.1
2012,Cleveland Cavaliers,21.0,45.0,0.3181818181818182,-7.2,-7.34,101.1,108.9,-7.8,91.3
2012,Charlotte Bobcats,7.0,59.0,0.10606060606060606,-13.91,-13.96,95.2,110.4,-15.2,91.1
2012,League Average,,,,0.0,0.0,104.6,104.6,,91.3
2013,Oklahoma City Thunder,60.0,22.0,0.7317073170731707,9.21,9.15,112.4,102.6,9.8,93.3
2013,Miami Heat,66.0,16.0,0.8048780487804879,7.87,7.03,112.3,103.7,8.6,90.7
2013,Los Angeles Clippers,56.0,26.0,0.6829268292682927,6.45,6.43,110.6,103.6,7.0,91.1
2013,San Antonio Spurs,58.0,24.0,0.7073170731707317,6.4,6.67,108.3,101.6,6.7,94.2
2013,Denver Nuggets,57.0,25.0,0.6951219512195121,5.09,5.37,110.4,105.1,5.3,95.1
2013,New York Knicks,54.0,28.0,0.6585365853658537,4.23,3.73,111.1,106.3,4.8,89.8
2013,Memphis Grizzlies,56.0,26.0,0.6829268292682927,4.15,4.32,104.9,100.3,4.6,88.4
2013,Indiana Pacers,49.0,32.0,0.6049382716049383,4.02,3.34,104.3,99.8,4.5,90.2
2013,Houston Rockets,45.0,37.0,0.5487804878048781,3.48,3.69,109.7,106.1,3.6,96.1
2013,Brooklyn Nets,49.0,33.0,0.5975609756097561,1.78,1.25,108.2,106.2,2.0,88.8
2013,Los Angeles Lakers,45.0,37.0,0.5487804878048781,1.16,1.48,107.8,106.6,1.2,94.4
2013,Golden State Warriors,47.0,35.0,0.573170731707317,0.89,1.32,106.4,105.5,0.9,94.5
2013,Atlanta Hawks,44.0,38.0,0.5365853658536586,0.4,-0.08,104.8,104.4,0.4,92.6
2013,Chicago Bulls,45.0,37.0,0.5487804878048781,0.32,-0.02,103.5,103.2,0.3,89.3
2013,Utah Jazz,43.0,39.0,0.524390243902439,-0.09,0.3,106.7,106.8,-0.1,90.9
2013,Boston Celtics,41.0,40.0,0.5061728395061729,-0.22,-0.62,103.1,103.3,-0.2,91.7
2013,Dallas Mavericks,41.0,41.0,0.5,-0.6,-0.24,105.9,106.5,-0.6,94.1
2013,Milwaukee Bucks,38.0,44.0,0.4634146341463415,-1.5,-1.83,103.6,105.2,-1.6,94.7
2013,Toronto Raptors,34.0,48.0,0.4146341463414634,-1.48,-1.96,105.9,107.5,-1.6,90.4
2013,Minnesota Timberwolves,31.0,51.0,0.3780487804878049,-2.37,-1.83,102.9,105.4,-2.5,92.8
2013,Washington Wizards,29.0,53.0,0.35365853658536583,-2.54,-2.78,100.2,103.0,-2.8,92.2
2013,Portland Trail Blazers,33.0,49.0,0.4024390243902439,-3.17,-2.53,105.8,109.2,-3.4,91.4
2013,Philadelphia 76ers,34.0,48.0,0.4146341463414634,-3.34,-3.51,102.0,105.7,-3.7,91.0
2013,Detroit Pistons,29.0,53.0,0.35365853658536583,-3.99,-4.33,103.8,108.1,-4.3,90.8
2013,New Orleans Hornets,27.0,55.0,0.32926829268292684,-3.87,-3.12,105.7,110.1,-4.4,88.5
2013,Cleveland Cavaliers,24.0,58.0,0.2926829268292683,-4.68,-4.87,104.3,109.4,-5.1,92.3
2013,Sacramento Kings,28.0,54.0,0.34146341463414637,-4.88,-4.26,106.2,111.4,-5.2,93.6
2013,Phoenix Suns,25.0,57.0,0.3048780487804878,-6.46,-5.75,101.2,108.1,-6.9,93.4
2013,Orlando Magic,20.0,62.0,0.24390243902439024,-6.99,-7.12,101.6,109.1,-7.5,92.2
2013,Charlotte Bobcats,21.0,61.0,0.25609756097560976,-9.23,-9.29,101.5,111.5,-10.0,91.5
2013,League Average,,,,0.0,0.0,105.9,105.9,,92.0
2014,San Antonio Spurs,62.0,20.0,0.7560975609756098,7.72,8.0,110.5,102.4,8.1,95.0
2014,Los Angeles Clippers,57.0,25.0,0.6951219512195121,6.98,7.27,112.1,104.8,7.3,95.9
2014,Oklahoma City Thunder,59.0,23.0,0.7195121951219512,6.34,6.66,110.5,103.9,6.6,95.4
2014,Miami Heat,54.0,28.0,0.6585365853658537,4.76,4.15,110.9,105.8,5.1,91.2
2014,Golden State Warriors,51.0,31.0,0.6219512195121951,4.8,5.15,107.5,102.6,4.9,96.2
2014,Indiana Pacers,56.0,26.0,0.6829268292682927,4.4,3.63,104.1,99.3,4.8,92.5
2014,Houston Rockets,54.0,28.0,0.6585365853658537,4.56,5.06,111.0,106.3,4.7,96.3
2014,Portland Trail Blazers,54.0,28.0,0.6585365853658537,3.99,4.44,111.5,107.4,4.1,94.9
2014,Toronto Raptors,48.0,34.0,0.5853658536585366,3.24,2.55,108.8,105.3,3.5,91.8
2014,Phoenix Suns,48.0,34.0,0.5853658536585366,2.63,3.02,109.5,106.7,2.8,95.8
2014,Minnesota Timberwolves,40.0,42.0,0.4878048780487805,2.67,3.1,108.9,106.2,2.7,97.3
2014,Dallas Mavericks,49.0,33.0,0.5975609756097561,2.4,2.91,111.2,108.7,2.5,93.5
2014,Chicago Bulls,48.0,34.0,0.5853658536585366,1.85,1.2,102.5,100.5,2.0,90.2
2014,Memphis Grizzlies,50.0,32.0,0.6097560975609756,1.57,2.18,106.3,104.6,1.7,89.9
2014,Washington Wizards,44.0,38.0,0.5365853658536586,1.27,0.48,106.0,104.6,1.4,93.2
2014,Charlotte Bobcats,43.0,39.0,0.524390243902439,-0.22,-0.89,103.6,103.8,-0.2,92.4
2014,Atlanta Hawks,38.0,44.0,0.4634146341463415,-0.48,-0.88,105.9,106.4,-0.5,94.6
2014,New York Knicks,37.0,45.0,0.45121951219512196,-0.79,-1.4,108.3,109.1,-0.8,90.3
2014,Brooklyn Nets,44.0,38.0,0.5365853658536586,-1.0,-1.58,106.7,107.7,-1.0,91.4
2014,Denver Nuggets,36.0,46.0,0.43902439024390244,-2.15,-1.4,106.0,108.2,-2.2,98.1
2014,New Orleans Pelicans,34.0,48.0,0.4146341463414634,-2.71,-1.98,107.2,110.1,-2.9,92.2
2014,Sacramento Kings,28.0,54.0,0.34146341463414637,-2.9,-2.08,105.7,108.8,-3.1,94.4
2014,Cleveland Cavaliers,33.0,49.0,0.4024390243902439,-3.29,-3.86,104.2,107.7,-3.5,93.1
2014,Detroit Pistons,29.0,53.0,0.35365853658536583,-3.66,-4.13,105.9,109.7,-3.8,94.9
2014,Boston Celtics,25.0,57.0,0.3048780487804878,-4.46,-4.97,102.9,107.7,-4.8,93.3
2014,Orlando Magic,23.0,59.0,0.2804878048780488,-5.44,-5.88,101.7,107.4,-5.7,93.6
2014,Los Angeles Lakers,27.0,55.0,0.32926829268292684,-6.29,-5.33,104.2,110.6,-6.4,98.7
2014,Utah Jazz,25.0,57.0,0.3048780487804878,-7.17,-6.27,103.5,111.3,-7.8,91.4
2014,Milwaukee Bucks,15.0,67.0,0.18292682926829268,-8.18,-8.41,103.0,111.8,-8.8,91.8
2014,Philadelphia 76ers,19.0,63.0,0.23170731707317074,-10.45,-10.66,99.4,109.9,-10.5,99.2
2014,League Average,,,,0.0,0.0,106.7,106.7,,93.9
2015,Golden State Warriors,67.0,15.0,0.8170731707317073,10.1,10.01,111.6,101.4,10.2,98.3
2015,Los Angeles Clippers,56.0,26.0,0.6829268292682927,6.59,6.8,112.4,105.5,6.9,94.7
2015,San Antonio Spurs,55.0,27.0,0.6707317073170732,6.2,6.34,108.5,102.0,6.5,93.8
2015,Atlanta Hawks,60.0,22.0,0.7317073170731707,5.43,4.75,108.9,103.1,5.8,93.9
2015,Cleveland Cavaliers,53.0,29.0,0.6463414634146342,4.48,4.08,111.1,106.3,4.8,92.3
2015,Portland Trail Blazers,51.0,31.0,0.6219512195121951,4.23,4.41,108.2,103.7,4.5,94.2
2015,Houston Rockets,56.0,26.0,0.6829268292682927,3.44,3.82,107.0,103.4,3.6,96.5
2015,Memphis Grizzlies,55.0,27.0,0.6707317073170732,3.24,3.62,105.7,102.2,3.5,92.0
2015,Toronto Raptors,49.0,33.0,0.5975609756097561,3.07,2.45,111.0,107.7,3.3,92.8
2015,Chicago Bulls,50.0,32.0,0.6097560975609756,3.0,2.54,107.5,104.3,3.2,92.8
2015,Dallas Mavericks,50.0,32.0,0.6097560975609756,2.9,3.36,109.5,106.4,3.1,95.2
2015,Oklahoma City Thunder,45.0,37.0,0.5487804878048781,2.18,2.47,107.8,105.5,2.3,95.7
2015,New Orleans Pelicans,45.0,37.0,0.5487804878048781,0.79,1.13,108.2,107.3,0.9,91.4
2015,Washington Wizards,46.0,36.0,0.5609756097560976,0.72,0.17,103.7,103.0,0.7,93.7
2015,Milwaukee Bucks,41.0,41.0,0.5,0.43,-0.09,102.7,102.2,0.5,94.1
2015,Indiana Pacers,38.0,44.0,0.4634146341463415,0.28,-0.23,103.5,103.2,0.3,93.2
2015,Utah Jazz,38.0,44.0,0.4634146341463415,0.22,0.71,105.1,104.9,0.2,90.4
2015,Boston Celtics,40.0,42.0,0.4878048780487805,0.16,-0.4,104.7,104.5,0.2,95.8
2015,Phoenix Suns,39.0,43.0,0.47560975609756095,-0.9,-0.38,105.3,106.2,-0.9,96.3
2015,Detroit Pistons,32.0,50.0,0.3902439024390244,-1.0,-1.39,105.3,106.4,-1.1,92.8
2015,Miami Heat,37.0,45.0,0.45121951219512196,-2.6,-2.92,103.9,106.7,-2.8,90.9
2015,Brooklyn Nets,38.0,44.0,0.4634146341463415,-2.88,-3.13,104.4,107.4,-3.0,92.7
2015,Charlotte Hornets,33.0,49.0,0.4024390243902439,-3.17,-3.44,100.1,103.5,-3.4,93.0
2015,Denver Nuggets,30.0,52.0,0.36585365853658536,-3.55,-3.07,104.5,108.2,-3.7,96.1
2015,Sacramento Kings,29.0,53.0,0.35365853658536583,-3.71,-3.07,105.3,109.2,-3.9,95.4
2015,Orlando Magic,25.0,57.0,0.3048780487804878,-5.72,-5.87,101.6,107.7,-6.1,93.8
2015,Los Angeles Lakers,21.0,61.0,0.25609756097560976,-6.84,-6.17,103.4,110.6,-7.2,94.0
2015,Minnesota Timberwolves,16.0,66.0,0.1951219512195122,-8.79,-8.0,102.9,112.2,-9.3,94.4
2015,Philadelphia 76ers,18.0,64.0,0.21951219512195122,-8.98,-9.04,95.5,104.8,-9.3,95.7
2015,New York Knicks,17.0,65.0,0.2073170731707317,-9.32,-9.5,99.9,110.0,-10.1,91.2
2015,League Average,,,,0.0,0.0,105.6,105.6,,93.9
2016,San Antonio Spurs,67.0,15.0,0.8170731707317073,10.63,10.28,110.3,99.0,11.3,93.8
2016,Golden State Warriors,73.0,9.0,0.8902439024390244,10.76,10.38,114.5,103.8,10.7,99.3
2016,Oklahoma City Thunder,55.0,27.0,0.6707317073170732,7.28,7.09,113.1,105.6,7.5,96.7
2016,Cleveland Cavaliers,57.0,25.0,0.6951219512195121,6.0,5.45,110.9,104.5,6.4,93.3
2016,Toronto Raptors,56.0,26.0,0.6829268292682927,4.5,4.08,110.0,105.2,4.8,92.9
2016,Los Angeles Clippers,53.0,29.0,0.6463414634146342,4.28,4.13,108.3,103.8,4.5,95.8
2016,Atlanta Hawks,48.0,34.0,0.5853658536585366,3.61,3.49,105.1,101.4,3.7,97.1
2016,Boston Celtics,48.0,34.0,0.5853658536585366,3.21,2.84,106.8,103.6,3.2,98.5
2016,Charlotte Hornets,48.0,34.0,0.5853658536585366,2.72,2.36,107.2,104.3,2.9,95.6
2016,Utah Jazz,40.0,42.0,0.4878048780487805,1.79,1.84,105.9,103.9,2.0,91.0
2016,Miami Heat,48.0,34.0,0.5853658536585366,1.65,1.5,106.1,104.4,1.7,93.6
2016,Indiana Pacers,45.0,37.0,0.5487804878048781,1.71,1.62,104.6,102.9,1.7,96.6
2016,Portland Trail Blazers,44.0,38.0,0.5365853658536586,0.83,0.98,108.8,108.0,0.8,96.0
2016,Detroit Pistons,44.0,38.0,0.5365853658536586,0.61,0.43,106.1,105.5,0.6,95.1
2016,Houston Rockets,41.0,41.0,0.5,0.2,0.34,108.3,108.1,0.2,97.6
2016,Dallas Mavericks,42.0,40.0,0.5121951219512195,-0.3,-0.02,106.7,107.0,-0.3,94.3
2016,Washington Wizards,41.0,41.0,0.5,-0.5,-0.5,105.3,105.8,-0.5,98.5
2016,Chicago Bulls,42.0,40.0,0.5121951219512195,-1.48,-1.46,105.0,106.5,-1.5,95.7
2016,Orlando Magic,35.0,47.0,0.4268292682926829,-1.62,-1.68,105.1,106.8,-1.7,96.0
2016,Sacramento Kings,33.0,49.0,0.4024390243902439,-2.48,-2.32,106.0,108.4,-2.4,100.0
2016,Memphis Grizzlies,42.0,40.0,0.5121951219512195,-2.24,-2.14,105.4,107.8,-2.4,93.3
2016,New York Knicks,32.0,50.0,0.3902439024390244,-2.73,-2.74,104.6,107.6,-3.0,93.4
2016,Denver Nuggets,33.0,49.0,0.4024390243902439,-3.1,-2.81,105.6,108.9,-3.3,95.7
2016,Minnesota Timberwolves,29.0,53.0,0.35365853658536583,-3.54,-3.38,106.5,110.1,-3.6,95.2
2016,New Orleans Pelicans,30.0,52.0,0.36585365853658536,-3.79,-3.56,105.6,109.5,-3.9,96.8
2016,Milwaukee Bucks,33.0,49.0,0.4024390243902439,-4.18,-3.98,104.3,108.7,-4.4,94.2
2016,Phoenix Suns,23.0,59.0,0.2804878048780488,-6.66,-6.32,102.2,109.0,-6.8,98.5
2016,Brooklyn Nets,21.0,61.0,0.25609756097560976,-7.35,-7.12,103.2,110.9,-7.7,95.2
2016,Los Angeles Lakers,17.0,65.0,0.2073170731707317,-9.56,-8.92,101.6,111.6,-10.0,95.6
2016,Philadelphia 76ers,10.0,72.0,0.12195121951219512,-10.23,-9.92,98.8,109.2,-10.4,97.9
2016,League Average,,,,0.0,0.0,106.4,106.4,,95.8
2017,Golden State Warriors,67.0,15.0,0.8170731707317073,11.63,11.35,115.6,104.0,11.6,99.8
2017,San Antonio Spurs,61.0,21.0,0.7439024390243902,7.2,7.13,111.1,103.5,7.6,94.2
2017,Houston Rockets,55.0,27.0,0.6707317073170732,5.77,5.84,114.7,109.0,5.7,100.0
2017,Toronto Raptors,51.0,31.0,0.6219512195121951,4.21,3.65,112.3,107.8,4.5,94.7
2017,Los Angeles Clippers,51.0,31.0,0.6219512195121951,4.29,4.42,112.7,108.2,4.5,96.1
2017,Utah Jazz,51.0,31.0,0.6219512195121951,3.94,4.0,109.6,105.3,4.3,91.6
2017,Cleveland Cavaliers,51.0,31.0,0.6219512195121951,3.18,2.87,113.6,110.3,3.3,96.2
2017,Boston Celtics,53.0,29.0,0.6463414634146342,2.63,2.25,111.2,108.4,2.8,96.8
2017,Washington Wizards,49.0,33.0,0.5975609756097561,1.8,1.36,111.2,109.3,1.9,97.4
2017,Miami Heat,41.0,41.0,0.5,1.06,0.77,107.8,106.7,1.1,95.2
2017,Oklahoma City Thunder,47.0,35.0,0.573170731707317,0.76,1.14,108.3,107.5,0.8,97.8
2017,Memphis Grizzlies,43.0,39.0,0.524390243902439,0.49,0.96,107.7,107.1,0.6,92.3
2017,Denver Nuggets,40.0,42.0,0.4878048780487805,0.51,0.7,113.2,112.7,0.5,98.3
2017,Chicago Bulls,41.0,41.0,0.5,0.43,0.03,107.4,107.0,0.4,95.3
2017,Charlotte Hornets,36.0,46.0,0.43902439024390244,0.2,-0.07,108.8,108.6,0.2,95.7
2017,Indiana Pacers,42.0,40.0,0.5121951219512195,-0.22,-0.64,108.6,108.8,-0.2,95.9
2017,Milwaukee Bucks,42.0,40.0,0.5121951219512195,-0.18,-0.45,109.1,109.3,-0.2,94.5
2017,Portland Trail Blazers,41.0,41.0,0.5,-0.52,-0.23,110.3,110.8,-0.5,96.7
2017,Atlanta Hawks,43.0,39.0,0.524390243902439,-0.85,-1.23,104.9,105.7,-0.8,97.4
2017,Detroit Pistons,37.0,45.0,0.45121951219512196,-1.12,-1.29,106.0,107.1,-1.1,95.0
2017,Minnesota Timberwolves,31.0,51.0,0.3780487804878049,-1.11,-0.64,110.8,112.0,-1.2,94.6
2017,New Orleans Pelicans,34.0,48.0,0.4146341463414634,-2.1,-1.69,105.2,107.4,-2.2,98.0
2017,Dallas Mavericks,33.0,49.0,0.4024390243902439,-2.93,-2.53,105.6,108.8,-3.2,92.2
2017,New York Knicks,31.0,51.0,0.3780487804878049,-3.67,-3.87,107.7,111.5,-3.8,96.0
2017,Sacramento Kings,32.0,50.0,0.3902439024390244,-3.88,-3.29,107.3,111.3,-4.0,94.9
2017,Phoenix Suns,24.0,58.0,0.2926829268292683,-5.63,-5.14,106.6,112.2,-5.6,100.3
2017,Philadelphia 76ers,28.0,54.0,0.34146341463414637,-5.7,-5.83,103.2,108.9,-5.7,98.5
2017,Brooklyn Nets,20.0,62.0,0.24390243902439024,-6.73,-6.74,104.1,110.7,-6.6,101.3
2017,Orlando Magic,29.0,53.0,0.35365853658536583,-6.57,-6.61,103.7,110.5,-6.8,96.8
2017,Los Angeles Lakers,26.0,56.0,0.3170731707317073,-6.88,-6.29,106.0,113.0,-7.0,98.5
2017,League Average,,,,0.0,0.0,108.8,108.8,,96.4
2018,Houston Rockets,65.0,17.0,0.7926829268292683,8.48,8.21,114.7,106.1,8.6,97.6
2018,Toronto Raptors,59.0,23.0,0.7195121951219512,7.78,7.29,113.8,105.9,7.9,97.4
2018,Golden State Warriors,58.0,24.0,0.7073170731707317,5.98,5.79,113.6,107.7,5.9,99.6
2018,Utah Jazz,48.0,34.0,0.5853658536585366,4.3,4.47,108.4,103.9,4.5,95.7
2018,Philadelphia 76ers,52.0,30.0,0.6341463414634146,4.5,4.3,109.5,105.0,4.5,99.8
2018,Boston Celtics,55.0,27.0,0.6707317073170732,3.59,3.23,107.6,103.9,3.7,96.0
2018,Oklahoma City Thunder,48.0,34.0,0.5853658536585366,3.41,3.42,110.7,107.2,3.5,96.7
2018,San Antonio Spurs,47.0,35.0,0.573170731707317,2.89,2.89,107.9,104.8,3.1,95.0
2018,Portland Trail Blazers,49.0,33.0,0.5975609756097561,2.6,2.6,109.1,106.4,2.7,96.5
2018,Minnesota Timberwolves,47.0,35.0,0.573170731707317,2.23,2.35,113.4,111.1,2.3,96.0
2018,Denver Nuggets,46.0,36.0,0.5609756097560976,1.48,1.57,112.5,111.0,1.5,96.8
2018,Indiana Pacers,48.0,34.0,0.5853658536585366,1.38,1.18,109.5,108.1,1.4,96.0
2018,New Orleans Pelicans,48.0,34.0,0.5853658536585366,1.3,1.48,109.6,108.3,1.3,100.5
2018,Cleveland Cavaliers,50.0,32.0,0.6097560975609756,0.94,0.59,112.9,111.9,1.0,98.0
2018,Washington Wizards,43.0,39.0,0.524390243902439,0.59,0.53,109.3,108.7,0.6,96.6
2018,Miami Heat,44.0,38.0,0.5365853658536586,0.48,0.15,106.8,106.3,0.5,95.6
2018,Charlotte Hornets,36.0,46.0,0.43902439024390244,0.26,0.07,109.4,109.1,0.3,98.4
2018,Los Angeles Clippers,42.0,40.0,0.5121951219512195,0.04,0.15,110.3,110.2,0.1,98.7
2018,Detroit Pistons,39.0,43.0,0.47560975609756095,-0.15,-0.26,107.2,107.3,-0.1,96.2
2018,Milwaukee Bucks,44.0,38.0,0.5365853658536586,-0.3,-0.45,109.8,110.1,-0.3,96.3
2018,Los Angeles Lakers,35.0,47.0,0.4268292682926829,-1.55,-1.44,106.5,108.0,-1.5,100.3
2018,Dallas Mavericks,24.0,58.0,0.2926829268292683,-3.04,-2.7,106.3,109.5,-3.2,95.6
2018,New York Knicks,29.0,53.0,0.35365853658536583,-3.56,-3.53,107.1,110.7,-3.6,96.8
2018,Brooklyn Nets,28.0,54.0,0.34146341463414637,-3.74,-3.67,106.9,110.6,-3.7,98.9
2018,Orlando Magic,25.0,57.0,0.3048780487804878,-4.82,-4.92,105.2,110.1,-4.9,98.1
2018,Atlanta Hawks,24.0,58.0,0.2926829268292683,-5.45,-5.3,105.0,110.6,-5.6,98.3
2018,Memphis Grizzlies,22.0,60.0,0.2682926829268293,-6.21,-5.81,104.5,111.0,-6.5,94.9
2018,Chicago Bulls,27.0,55.0,0.32926829268292684,-7.04,-6.84,103.8,110.9,-7.1,98.3
2018,Sacramento Kings,27.0,55.0,0.32926829268292684,-6.99,-6.6,103.7,111.1,-7.4,94.9
2018,Phoenix Suns,21.0,61.0,0.25609756097560976,-9.37,-8.8,103.5,112.9,-9.4,100.3
2018,League Average,,,,0.0,0.0,108.6,108.6,,97.3
2019,Milwaukee Bucks,60.0,22.0,0.7317073170731707,8.87,8.04,113.8,105.2,8.6,103.3
2019,Golden State Warriors,57.0,25.0,0.6951219512195121,6.46,6.42,115.9,109.5,6.4,100.9
2019,Toronto Raptors,58.0,24.0,0.7073170731707317,6.09,5.49,113.1,107.1,6.0,100.2
2019,Utah Jazz,50.0,32.0,0.6097560975609756,5.26,5.28,110.9,105.7,5.2,100.3
2019,Houston Rockets,53.0,29.0,0.6463414634146342,4.77,4.96,115.5,110.7,4.8,97.9
2019,Boston Celtics,49.0,33.0,0.5975609756097561,4.44,3.9,112.2,107.8,4.4,99.6
2019,Portland Trail Blazers,53.0,29.0,0.6463414634146342,4.2,4.43,114.7,110.5,4.2,99.1
2019,Denver Nuggets,54.0,28.0,0.6585365853658537,3.95,4.19,113.0,108.9,4.1,97.7
2019,Indiana Pacers,48.0,34.0,0.5853658536585366,3.33,2.76,109.9,106.5,3.4,98.1
2019,Oklahoma City Thunder,49.0,33.0,0.5975609756097561,3.4,3.56,110.3,107.0,3.3,102.8
2019,Philadelphia 76ers,51.0,31.0,0.6219512195121951,2.7,2.25,112.6,110.0,2.6,101.6
2019,San Antonio Spurs,48.0,34.0,0.5853658536585366,1.68,1.8,112.9,111.2,1.7,98.3
2019,Los Angeles Clippers,48.0,34.0,0.5853658536585366,0.85,1.09,112.4,111.5,0.9,101.7
2019,Orlando Magic,42.0,40.0,0.5121951219512195,0.71,0.28,108.9,108.1,0.8,98.1
2019,Brooklyn Nets,42.0,40.0,0.5121951219512195,-0.07,-0.4,109.6,109.7,-0.1,100.8
2019,Detroit Pistons,41.0,41.0,0.5,-0.24,-0.56,109.0,109.2,-0.2,97.4
2019,Miami Heat,39.0,43.0,0.47560975609756095,-0.23,-0.45,107.3,107.6,-0.3,98.2
2019,Sacramento Kings,39.0,43.0,0.47560975609756095,-1.12,-0.81,110.4,111.5,-1.1,103.1
2019,Charlotte Hornets,39.0,43.0,0.47560975609756095,-1.1,-1.32,111.4,112.5,-1.1,98.7
2019,New Orleans Pelicans,33.0,49.0,0.4024390243902439,-1.33,-1.1,111.4,112.6,-1.2,103.3
2019,Dallas Mavericks,33.0,49.0,0.4024390243902439,-1.28,-0.87,109.4,110.7,-1.3,99.0
2019,Minnesota Timberwolves,36.0,46.0,0.43902439024390244,-1.5,-1.02,111.4,112.9,-1.5,100.2
2019,Los Angeles Lakers,37.0,45.0,0.45121951219512196,-1.72,-1.33,107.8,109.5,-1.7,103.2
2019,Memphis Grizzlies,33.0,49.0,0.4024390243902439,-2.6,-2.08,106.1,108.8,-2.7,96.6
2019,Washington Wizards,32.0,50.0,0.3902439024390244,-2.9,-3.3,111.1,113.9,-2.8,101.4
2019,Atlanta Hawks,29.0,53.0,0.35365853658536583,-6.02,-6.06,108.1,113.9,-5.8,103.9
2019,Chicago Bulls,22.0,60.0,0.2682926829268293,-8.41,-8.32,104.8,113.2,-8.4,99.0
2019,New York Knicks,17.0,65.0,0.2073170731707317,-9.21,-8.93,104.5,113.7,-9.2,99.6
2019,Phoenix Suns,19.0,63.0,0.23170731707317074,-9.34,-8.61,105.9,115.1,-9.2,100.5
2019,Cleveland Cavaliers,19.0,63.0,0.23170731707317074,-9.61,-9.39,107.7,117.6,-9.9,96.6
2019,League Average,,,,0.0,0.0,110.4,110.4,,100.0
2020,Milwaukee Bucks,56.0,17.0,0.7671232876712328,10.08,9.41,112.4,102.9,9.5,105.1
2020,Boston Celtics,48.0,24.0,0.6666666666666666,6.31,5.83,113.3,107.0,6.3,99.5
2020,Los Angeles Clippers,49.0,23.0,0.6805555555555556,6.44,6.66,113.9,107.6,6.3,101.5
2020,Toronto Raptors,53.0,19.0,0.7361111111111112,6.24,5.97,111.1,105.0,6.1,100.9
2020,Los Angeles Lakers,52.0,19.0,0.7323943661971831,5.79,6.28,112.0,106.3,5.7,100.9
2020,Dallas Mavericks,43.0,32.0,0.5733333333333334,4.95,4.87,116.7,111.7,5.0,99.3
2020,Miami Heat,44.0,29.0,0.6027397260273972,2.95,2.59,112.5,109.5,3.0,98.3
2020,Houston Rockets,44.0,28.0,0.6111111111111112,2.96,3.13,112.9,110.1,2.8,103.7
2020,Utah Jazz,44.0,28.0,0.6111111111111112,2.47,2.52,112.3,109.9,2.4,98.6
2020,Philadelphia 76ers,43.0,30.0,0.589041095890411,2.38,2.25,111.3,109.0,2.3,99.0
2020,Denver Nuggets,46.0,27.0,0.6301369863013698,2.11,2.35,113.1,111.0,2.1,97.1
2020,Indiana Pacers,45.0,28.0,0.6164383561643836,1.96,1.63,110.0,108.0,2.0,98.9
2020,Oklahoma City Thunder,44.0,28.0,0.6111111111111112,1.99,2.33,110.8,108.8,2.0,98.8
2020,Phoenix Suns,34.0,39.0,0.4657534246575342,0.22,0.56,111.7,111.4,0.3,101.3
2020,Brooklyn Nets,35.0,37.0,0.4861111111111111,-0.57,-1.01,108.9,109.5,-0.6,101.4
2020,Orlando Magic,33.0,40.0,0.4520547945205479,-1.01,-0.93,108.5,109.5,-1.0,98.6
2020,San Antonio Spurs,32.0,39.0,0.4507042253521127,-1.11,-0.65,112.4,113.5,-1.1,100.5
2020,Memphis Grizzlies,34.0,39.0,0.4657534246575342,-1.07,-0.91,109.2,110.3,-1.1,102.8
2020,Portland Trail Blazers,35.0,39.0,0.47297297297297297,-1.15,-0.61,113.7,114.8,-1.1,100.7
2020,New Orleans Pelicans,30.0,42.0,0.4166666666666667,-1.29,-0.55,110.7,111.9,-1.2,103.7
2020,Sacramento Kings,31.0,41.0,0.4305555555555556,-2.04,-1.59,110.2,112.2,-2.0,98.9
2020,Chicago Bulls,22.0,43.0,0.3384615384615385,-3.08,-4.0,106.7,109.8,-3.1,99.7
2020,Detroit Pistons,20.0,46.0,0.30303030303030304,-3.56,-4.38,109.0,112.7,-3.7,97.6
2020,Minnesota Timberwolves,19.0,45.0,0.296875,-4.3,-4.02,108.1,112.2,-4.1,103.4
2020,Washington Wizards,25.0,47.0,0.3472222222222222,-4.67,-5.24,110.9,115.5,-4.6,102.7
2020,New York Knicks,21.0,45.0,0.3181818181818182,-6.45,-6.72,106.5,113.0,-6.5,98.6
2020,Charlotte Hornets,23.0,42.0,0.35384615384615387,-6.75,-7.03,106.3,113.3,-7.0,95.8
2020,Atlanta Hawks,20.0,47.0,0.29850746268656714,-7.97,-7.71,107.2,114.8,-7.6,103.0
2020,Cleveland Cavaliers,19.0,46.0,0.2923076923076923,-7.89,-7.77,107.5,115.4,-7.9,98.7
2020,Golden State Warriors,15.0,50.0,0.23076923076923078,-8.71,-8.12,105.2,113.8,-8.6,100.3
2020,League Average,,,,0.0,0.0,110.6,110.6,,100.3
2021,Utah Jazz,52.0,20.0,0.7222222222222222,9.25,8.97,117.6,108.3,9.3,98.5
2021,Los Angeles Clippers,47.0,25.0,0.6527777777777778,6.18,6.02,117.6,111.2,6.4,96.9
2021,Phoenix Suns,51.0,21.0,0.7083333333333334,5.82,5.67,117.2,111.3,5.9,97.2
2021,Milwaukee Bucks,46.0,26.0,0.6388888888888888,5.89,5.57,117.2,111.4,5.8,102.2
2021,Philadelphia 76ers,49.0,23.0,0.6805555555555556,5.58,5.28,113.2,107.6,5.6,99.5
2021,Denver Nuggets,47.0,25.0,0.6527777777777778,4.93,4.82,117.1,112.1,5.0,97.1
2021,Brooklyn Nets,48.0,24.0,0.6666666666666666,4.5,4.24,118.3,113.8,4.5,99.5
2021,Los Angeles Lakers,42.0,30.0,0.5833333333333334,2.79,2.77,109.9,107.1,2.8,98.7
2021,Dallas Mavericks,42.0,30.0,0.5833333333333334,2.26,2.26,115.4,113.0,2.4,97.3
2021,New York Knicks,41.0,31.0,0.5694444444444444,2.31,2.13,110.6,108.2,2.4,95.9
2021,Atlanta Hawks,41.0,31.0,0.5694444444444444,2.32,2.14,115.7,113.3,2.4,97.6
2021,Portland Trail Blazers,42.0,30.0,0.5833333333333334,1.79,1.81,117.8,116.0,1.8,98.4
2021,Boston Celtics,36.0,36.0,0.5,1.46,1.32,114.0,112.5,1.5,98.3
2021,Golden State Warriors,39.0,33.0,0.5416666666666666,1.06,1.1,111.1,110.1,1.0,102.2
2021,Memphis Grizzlies,38.0,34.0,0.5277777777777778,1.03,1.07,112.0,111.0,1.0,100.4
2021,Miami Heat,40.0,32.0,0.5555555555555556,0.03,-0.06,111.2,111.2,0.0,96.6
2021,Indiana Pacers,34.0,38.0,0.4722222222222222,-0.04,-0.13,112.4,112.4,0.0,101.6
2021,New Orleans Pelicans,31.0,41.0,0.4305555555555556,-0.29,-0.2,113.5,113.8,-0.3,100.1
2021,Toronto Raptors,27.0,45.0,0.375,-0.47,-0.54,112.0,112.5,-0.5,99.2
2021,Chicago Bulls,31.0,41.0,0.4305555555555556,-0.89,-0.94,111.1,112.0,-0.9,99.0
2021,San Antonio Spurs,33.0,39.0,0.4583333333333333,-1.74,-1.58,111.0,112.8,-1.8,98.9
2021,Washington Wizards,34.0,38.0,0.4722222222222222,-1.83,-1.85,111.2,113.0,-1.8,104.1
2021,Charlotte Hornets,33.0,39.0,0.4583333333333333,-1.93,-1.94,110.9,112.8,-1.9,98.3
2021,Sacramento Kings,31.0,41.0,0.4305555555555556,-3.68,-3.45,113.6,117.2,-3.6,100.0
2021,Detroit Pistons,20.0,52.0,0.2777777777777778,-4.47,-4.38,108.0,112.5,-4.5,97.9
2021,Minnesota Timberwolves,23.0,49.0,0.3194444444444444,-5.56,-5.25,109.5,115.0,-5.5,101.6
2021,Houston Rockets,17.0,55.0,0.2361111111111111,-7.9,-7.5,107.1,114.9,-7.8,101.4
2021,Cleveland Cavaliers,22.0,50.0,0.3055555555555556,-8.44,-8.19,105.8,114.4,-8.6,97.3
2021,Orlando Magic,21.0,51.0,0.2916666666666667,-9.31,-9.02,105.1,114.5,-9.4,98.7
2021,Oklahoma City Thunder,22.0,50.0,0.3055555555555556,-10.64,-10.13,103.5,114.0,-10.5,101.0
2021,League Average,,,,0.0,0.0,112.3,112.3,,99.2
2022,Boston Celtics,51.0,31.0,0.6219512195121951,7.28,7.02,114.4,106.9,7.5,96.6
2022,Phoenix Suns,64.0,18.0,0.7804878048780488,7.5,6.94,114.8,107.3,7.5,99.8
2022,Utah Jazz,49.0,33.0,0.5975609756097561,6.04,5.67,116.7,110.5,6.2,97.1
2022,Memphis Grizzlies,56.0,26.0,0.6829268292682927,5.68,5.37,114.6,109.0,5.6,100.3
2022,Golden State Warriors,53.0,29.0,0.6463414634146342,5.54,5.52,112.5,106.9,5.6,98.4
2022,Miami Heat,53.0,29.0,0.6463414634146342,4.45,4.23,113.7,109.1,4.6,95.9
2022,Dallas Mavericks,52.0,30.0,0.6341463414634146,3.3,3.12,112.8,109.4,3.4,95.4
2022,Milwaukee Bucks,51.0,31.0,0.6219512195121951,3.35,3.22,115.1,111.8,3.3,99.9
2022,Philadelphia 76ers,51.0,31.0,0.6219512195121951,2.61,2.57,113.5,110.8,2.7,96.2
2022,Minnesota Timberwolves,46.0,36.0,0.5609756097560976,2.63,2.53,114.3,111.7,2.6,100.9
2022,Denver Nuggets,48.0,34.0,0.5853658536585366,2.3,2.16,114.5,112.1,2.4,97.8
2022,Toronto Raptors,48.0,34.0,0.5853658536585366,2.29,2.38,112.9,110.5,2.4,96.0
2022,Cleveland Cavaliers,44.0,38.0,0.5365853658536586,2.12,2.04,111.9,109.7,2.2,96.1
2022,Atlanta Hawks,43.0,39.0,0.524390243902439,1.56,1.55,116.5,114.9,1.6,97.7
2022,Brooklyn Nets,44.0,38.0,0.5365853658536586,0.78,0.82,113.6,112.8,0.8,99.0
2022,Charlotte Hornets,43.0,39.0,0.524390243902439,0.44,0.53,114.1,113.7,0.4,100.0
2022,San Antonio Spurs,34.0,48.0,0.4146341463414634,0.12,0.02,112.4,112.3,0.1,100.0
2022,Los Angeles Clippers,42.0,40.0,0.5121951219512195,0.02,0.09,110.1,110.1,0.0,98.0
2022,New York Knicks,37.0,45.0,0.45121951219512196,-0.12,-0.01,110.4,110.5,-0.1,95.9
2022,Chicago Bulls,46.0,36.0,0.5609756097560976,-0.39,-0.38,113.2,113.6,-0.4,98.3
2022,New Orleans Pelicans,36.0,46.0,0.43902439024390244,-0.99,-0.84,112.0,113.0,-1.0,97.2
2022,Los Angeles Lakers,33.0,49.0,0.4024390243902439,-3.05,-3.08,110.3,113.3,-3.0,100.1
2022,Washington Wizards,35.0,47.0,0.4268292682926829,-3.38,-3.23,111.1,114.5,-3.4,97.0
2022,Indiana Pacers,25.0,57.0,0.3048780487804878,-3.48,-3.26,112.6,116.1,-3.5,98.0
2022,Sacramento Kings,30.0,52.0,0.36585365853658536,-5.46,-5.26,109.9,115.3,-5.4,99.8
2022,Detroit Pistons,23.0,59.0,0.2804878048780488,-7.72,-7.36,106.0,113.8,-7.8,98.4
2022,Orlando Magic,22.0,60.0,0.2682926829268293,-8.0,-7.67,104.5,112.5,-8.0,99.2
2022,Oklahoma City Thunder,24.0,58.0,0.2926829268292683,-8.1,-7.9,104.6,112.8,-8.2,98.6
2022,Houston Rockets,20.0,62.0,0.24390243902439024,-8.48,-8.26,108.4,116.7,-8.3,100.9
2022,Portland Trail Blazers,27.0,55.0,0.32926829268292684,-8.88,-8.55,107.8,116.9,-9.1,98.3
2022,League Average,,,,0.0,0.0,112.0,112.0,,98.2
2023,Boston Celtics,57.0,25.0,0.6951219512195121,6.52,6.38,118.0,111.5,6.5,98.5
2023,Cleveland Cavaliers,51.0,31.0,0.6219512195121951,5.38,5.23,116.1,110.6,5.5,95.7
2023,Philadelphia 76ers,54.0,28.0,0.6585365853658537,4.32,4.37,117.7,113.3,4.4,96.9
2023,Memphis Grizzlies,51.0,31.0,0.6219512195121951,3.94,3.6,115.1,111.2,3.9,101.1
2023,Milwaukee Bucks,58.0,24.0,0.7073170731707317,3.63,3.61,115.4,111.9,3.5,100.5
2023,Denver Nuggets,53.0,29.0,0.6463414634146342,3.33,3.04,117.6,114.2,3.4,98.1
2023,New York Knicks,47.0,35.0,0.573170731707317,2.93,2.99,117.8,114.8,3.0,97.1
2023,Sacramento Kings,48.0,34.0,0.5853658536585366,2.65,2.3,119.4,116.8,2.6,100.3
2023,Phoenix Suns,45.0,37.0,0.5487804878048781,2.07,2.08,115.1,113.0,2.1,98.2
2023,New Orleans Pelicans,42.0,40.0,0.5121951219512195,1.89,1.63,114.4,112.5,1.9,99.1
2023,Golden State Warriors,44.0,38.0,0.5365853658536586,1.8,1.66,116.1,114.4,1.7,101.6
2023,Toronto Raptors,41.0,41.0,0.5,1.48,1.59,115.5,114.0,1.5,97.1
2023,Chicago Bulls,40.0,42.0,0.4878048780487805,1.29,1.37,113.5,112.2,1.3,98.5
2023,Oklahoma City Thunder,40.0,42.0,0.4878048780487805,1.09,0.96,115.2,114.2,1.0,101.1
2023,Brooklyn Nets,45.0,37.0,0.5487804878048781,0.85,1.03,115.0,114.1,0.9,98.3
2023,Los Angeles Lakers,43.0,39.0,0.524390243902439,0.57,0.43,114.5,113.9,0.6,101.3
2023,Los Angeles Clippers,44.0,38.0,0.5365853658536586,0.5,0.31,115.0,114.5,0.5,98.0
2023,Atlanta Hawks,41.0,41.0,0.5,0.29,0.32,116.6,116.3,0.3,100.7
2023,Dallas Mavericks,38.0,44.0,0.4634146341463415,0.07,-0.14,116.8,116.7,0.1,96.6
2023,Minnesota Timberwolves,42.0,40.0,0.5121951219512195,-0.04,-0.22,113.7,113.8,-0.1,101.0
2023,Miami Heat,44.0,38.0,0.5365853658536586,-0.32,-0.13,113.0,113.3,-0.3,96.3
2023,Utah Jazz,37.0,45.0,0.45121951219512196,-0.94,-1.03,115.8,116.7,-0.9,100.5
2023,Washington Wizards,35.0,47.0,0.4268292682926829,-1.21,-1.06,114.4,115.6,-1.2,98.6
2023,Orlando Magic,34.0,48.0,0.4146341463414634,-2.56,-2.39,111.6,114.2,-2.6,99.3
2023,Indiana Pacers,35.0,47.0,0.4268292682926829,-3.18,-2.91,114.6,117.7,-3.1,101.1
2023,Portland Trail Blazers,33.0,49.0,0.4024390243902439,-4.01,-3.96,114.8,118.8,-4.0,98.6
2023,Charlotte Hornets,27.0,55.0,0.32926829268292684,-6.24,-5.89,109.2,115.3,-6.1,100.8
2023,Houston Rockets,22.0,60.0,0.2682926829268293,-7.85,-7.62,111.4,119.3,-7.9,99.0
2023,Detroit Pistons,17.0,65.0,0.2073170731707317,-8.22,-7.73,110.7,118.9,-8.2,99.0
2023,San Antonio Spurs,22.0,60.0,0.2682926829268293,-10.04,-9.82,110.2,120.0,-9.8,101.6
2023,League Average,,,,0.0,0.0,114.8,114.8,,99.1
2024,Boston Celtics,64.0,18.0,0.7804878048780488,11.34,10.75,123.2,111.6,11.6,97.2
2024,Oklahoma City Thunder,57.0,25.0,0.6951219512195121,7.41,7.36,119.5,112.1,7.4,99.8
2024,Minnesota Timberwolves,56.0,26.0,0.6829268292682927,6.45,6.39,115.6,109.0,6.6,97.1
2024,Denver Nuggets,57.0,25.0,0.6951219512195121,5.26,5.23,118.5,113.0,5.5,96.8
2024,New York Knicks,50.0,32.0,0.6097560975609756,4.59,4.36,118.2,113.4,4.8,95.2
2024,New Orleans Pelicans,49.0,33.0,0.5975609756097561,4.41,4.46,117.4,112.9,4.5,97.9
2024,Los Angeles Clippers,51.0,31.0,0.6219512195121951,3.28,3.41,118.8,115.4,3.4,97.2
2024,Philadelphia 76ers,47.0,35.0,0.573170731707317,3.05,2.51,116.9,113.8,3.1,97.5
2024,Phoenix Suns,49.0,33.0,0.5975609756097561,3.06,3.08,117.6,114.6,3.0,98.3
2024,Indiana Pacers,47.0,35.0,0.573170731707317,3.05,2.75,121.0,118.0,3.0,101.7
2024,Golden State Warriors,46.0,36.0,0.5609756097560976,2.61,2.77,117.8,115.2,2.6,99.2
2024,Milwaukee Bucks,49.0,33.0,0.5975609756097561,2.62,2.44,118.4,115.8,2.6,99.9
2024,Cleveland Cavaliers,48.0,34.0,0.5853658536585366,2.41,1.98,115.2,112.7,2.5,97.2
2024,Dallas Mavericks,50.0,32.0,0.6097560975609756,2.21,2.3,117.6,115.4,2.2,100.1
2024,Orlando Magic,47.0,35.0,0.573170731707317,2.02,1.48,113.4,111.3,2.1,96.9
2024,Miami Heat,46.0,36.0,0.5609756097560976,1.76,1.1,114.0,112.2,1.8,96.2
2024,Sacramento Kings,46.0,36.0,0.5609756097560976,1.74,2.29,116.9,115.2,1.7,98.8
2024,Houston Rockets,41.0,41.0,0.5,1.12,1.24,114.5,113.4,1.1,99.0
2024,Los Angeles Lakers,47.0,35.0,0.573170731707317,0.6,1.07,115.9,115.3,0.6,100.9
2024,Chicago Bulls,39.0,43.0,0.47560975609756095,-1.44,-1.77,114.9,116.3,-1.4,96.3
2024,Atlanta Hawks,36.0,46.0,0.43902439024390244,-2.18,-2.38,117.2,119.4,-2.2,100.1
2024,Brooklyn Nets,32.0,50.0,0.3902439024390244,-2.89,-3.02,113.2,116.1,-2.9,96.9
2024,Utah Jazz,31.0,51.0,0.3780487804878049,-4.89,-4.22,115.5,120.4,-4.9,99.5
2024,San Antonio Spurs,22.0,60.0,0.2682926829268293,-6.49,-5.8,110.0,116.4,-6.4,101.1
2024,Toronto Raptors,25.0,57.0,0.3048780487804878,-6.44,-6.45,112.3,118.8,-6.5,99.4
2024,Memphis Grizzlies,27.0,55.0,0.32926829268292684,-7.0,-6.57,107.2,114.3,-7.1,98.2
2024,Detroit Pistons,14.0,68.0,0.17073170731707318,-9.11,-9.06,109.7,118.8,-9.1,99.8
2024,Washington Wizards,15.0,67.0,0.18292682926829268,-9.29,-9.29,110.5,119.6,-9.1,102.7
2024,Portland Trail Blazers,21.0,61.0,0.25609756097560976,-9.02,-8.29,108.3,117.5,-9.2,97.2
2024,Charlotte Hornets,21.0,61.0,0.25609756097560976,-10.24,-10.12,109.3,119.8,-10.5,97.3
2024,League Average,,,,0.0,0.0,115.3,115.3,,98.5
2025,Oklahoma City Thunder,68.0,14.0,0.8292682926829268,12.87,12.7,120.3,107.5,12.8,100.0
2025,Boston Celtics,61.0,21.0,0.7439024390243902,9.11,8.28,120.6,111.1,9.5,95.7
2025,Cleveland Cavaliers,64.0,18.0,0.7804878048780488,9.54,8.81,121.7,112.2,9.5,99.8
2025,Minnesota Timberwolves,49.0,33.0,0.5975609756097561,5.0,5.15,116.6,111.5,5.1,97.3
2025,Los Angeles Clippers,50.0,32.0,0.6097560975609756,4.66,4.84,115.1,110.3,4.8,97.5
2025,Memphis Grizzlies,48.0,34.0,0.5853658536585366,4.85,4.79,117.7,113.0,4.7,103.3
2025,Houston Rockets,52.0,30.0,0.6341463414634146,4.51,4.97,115.3,110.8,4.5,98.6
2025,New York Knicks,51.0,31.0,0.6219512195121951,4.1,3.59,118.5,114.3,4.2,96.7
2025,Denver Nuggets,50.0,32.0,0.6097560975609756,3.89,3.97,119.9,116.0,3.9,99.8
2025,Golden State Warriors,48.0,34.0,0.5853658536585366,3.3,3.56,115.0,111.7,3.3,98.7
2025,Milwaukee Bucks,48.0,34.0,0.5853658536585366,2.48,2.12,115.9,113.4,2.5,99.3
2025,Indiana Pacers,50.0,32.0,0.6097560975609756,2.23,1.68,116.5,114.3,2.2,99.9
2025,Detroit Pistons,44.0,38.0,0.5365853658536586,1.9,1.73,115.0,113.1,1.9,99.8
2025,Los Angeles Lakers,50.0,32.0,0.6097560975609756,1.22,1.45,115.9,114.7,1.2,97.6
2025,Miami Heat,37.0,45.0,0.45121951219512196,0.56,0.11,113.5,112.9,0.6,96.2
2025,Sacramento Kings,40.0,42.0,0.4878048780487805,0.48,0.58,116.7,116.2,0.5,98.2
2025,Orlando Magic,41.0,41.0,0.5,-0.12,-0.7,109.4,109.6,-0.2,96.1
2025,Atlanta Hawks,40.0,42.0,0.4878048780487805,-1.13,-1.41,114.6,115.7,-1.1,102.6
2025,Dallas Mavericks,39.0,43.0,0.47560975609756095,-1.2,-0.74,114.8,116.0,-1.2,99.2
2025,Chicago Bulls,39.0,43.0,0.47560975609756095,-1.56,-1.83,114.1,115.6,-1.5,102.8
2025,San Antonio Spurs,34.0,48.0,0.4146341463414634,-2.76,-2.45,114.4,117.2,-2.8,99.3
2025,Portland Trail Blazers,36.0,46.0,0.43902439024390244,-2.98,-2.67,111.7,114.7,-3.0,98.8
2025,Phoenix Suns,36.0,46.0,0.43902439024390244,-3.0,-2.55,116.2,119.3,-3.1,97.1
2025,Toronto Raptors,30.0,52.0,0.36585365853658536,-4.29,-4.4,110.5,114.8,-4.3,99.7
2025,Philadelphia 76ers,24.0,58.0,0.2926829268292683,-6.23,-6.29,111.9,118.2,-6.3,97.4
2025,Brooklyn Nets,26.0,56.0,0.3170731707317073,-7.11,-6.95,108.5,115.8,-7.3,96.4
2025,Utah Jazz,17.0,65.0,0.2073170731707317,-9.34,-8.51,111.2,120.4,-9.2,100.0
2025,Charlotte Hornets,19.0,63.0,0.23170731707317074,-9.11,-9.1,107.3,116.6,-9.3,97.6
2025,New Orleans Pelicans,21.0,61.0,0.25609756097560976,-9.43,-8.59,110.4,119.9,-9.5,99.1
2025,Washington Wizards,18.0,64.0,0.21951219512195122,-12.44,-12.14,106.8,119.1,-12.3,100.9
2025,League Average,,,,0.0,0.0,114.5,114.5,,98.8
